Description,total_quantity_sold
"PAPER CRAFT , LITTLE BIRDIE",80995
MEDIUM CERAMIC TOP STORAGE JAR,77916
WORLD WAR 2 GLIDERS ASSTD DESIGNS,54319
JUMBO BAG RED RETROSPOT,46078
WHITE HANGING HEART T-LIGHT HOLDER,36706
ASSORTED COLOUR BIRD ORNAMENT,35263
PACK OF 72 RETROSPOT CAKE CASES,33670
POPCORN HOLDER,30919
RABBIT NIGHT LIGHT,27153
MINI PAINT SET VINTAGE ,26076
PACK OF 12 LONDON TISSUES ,25329
PACK OF 60 PINK PAISLEY CAKE CASES,24230
BROCADE RING PURSE ,22927
VICTORIAN GLASS HANGING T-LIGHT,22404
ASSORTED COLOURS SILK FAN,21876
RED  HARMONICA IN BOX ,20945
JUMBO BAG PINK POLKADOT,20148
SMALL POPCORN HOLDER,18241
60 TEATIME FAIRY CAKE CASES,17664
LUNCH BAG RED RETROSPOT,17576
JUMBO BAG STRAWBERRY,16771
HEART OF WICKER SMALL,16768
GROW A FLYTRAP OR SUNFLOWER IN TIN,15940
PAPER CHAIN KIT 50'S CHRISTMAS ,15591
COLOUR GLASS T-LIGHT HOLDER HANGING,15563
PARTY BUNTING,15279
JAM MAKING SET PRINTED,15039
PLACE SETTING WHITE HEART,14853
60 CAKE CASES VINTAGE CHRISTMAS,14712
PACK OF 72 SKULL CAKE CASES,14302
SPACEBOY LUNCH BOX ,13908
JUMBO BAG APPLES,13875
VINTAGE SNAP CARDS,13329
SMALL CHINESE STYLE SCISSOR,13328
72 SWEETHEART FAIRY CAKE CASES,13029
ANTIQUE SILVER T-LIGHT GLASS,12949
RED TOADSTOOL LED NIGHT LIGHT,12863
RED RETROSPOT CHARLOTTE BAG,12805
JUMBO  BAG BAROQUE BLACK WHITE,12771
DISCO BALL CHRISTMAS DECORATION,12618
JUMBO BAG ALPHABET,12533
REGENCY CAKESTAND 3 TIER,12374
SET/20 RED RETROSPOT PAPER NAPKINS ,12305
PACK OF 60 DINOSAUR CAKE CASES,12106
HOMEMADE JAM SCENTED CANDLES,12080
PLEASE ONE PERSON METAL SIGN,11932
BUBBLEGUM RING ASSORTED,11891
SET OF 4 PANTRY JELLY MOULDS,11769
SET OF 60 PANTRY DESIGN CAKE CASES ,11661
TRAVEL CARD WALLET KEEP CALM,11645
LUNCH BAG APPLE DESIGN,11530
JUMBO STORAGE BAG SUKI,11513
GIN + TONIC DIET METAL SIGN,11501
BLACK RECORD COVER FRAME,11401
DOLLY GIRL LUNCH BOX,11323
LUNCH BAG  BLACK SKULL.,11246
LUNCH BOX I LOVE LONDON,11075
GIRLS ALPHABET IRON ON PATCHES ,11040
HANGING HEART JAR T-LIGHT HOLDER,10961
LUNCH BAG CARS BLUE,10789
JUMBO BAG VINTAGE LEAF,10695
JUMBO BAG VINTAGE DOILY ,10620
HANGING JAM JAR T-LIGHT HOLDER,10528
RED RETROSPOT WRAP ,10522
JUMBO SHOPPER VINTAGE RED PAISLEY,10490
JUMBO BAG OWLS,10451
"""""""ASSORTED FLOWER COLOUR """"""""LEIS""""""""""""""",10297
MULTI COLOUR SILVER T-LIGHT HOLDER,10267
LUNCH BAG PINK POLKADOT,10226
PINK BLUE FELT CRAFT TRINKET BOX,10217
COOK WITH WINE METAL SIGN ,10169
FAIRY CAKE FLANNEL ASSORTED COLOUR,10070
AGED GLASS SILVER T-LIGHT HOLDER,10040
JUMBO BAG PINK VINTAGE PAISLEY,9888
LUNCH BAG SPACEBOY DESIGN ,9875
WOODEN HEART CHRISTMAS SCANDINAVIAN,9782
CHILLI LIGHTS,9646
DOUGHNUT LIP GLOSS ,9642
WOODEN STAR CHRISTMAS SCANDINAVIAN,9628
HEART OF WICKER LARGE,9577
LUNCH BAG SUKI DESIGN ,9570
PAPER CHAIN KIT VINTAGE CHRISTMAS,9423
STRAWBERRY CERAMIC TRINKET BOX,9318
PACK OF 12 TRADITIONAL CRAYONS,9313
BAG 125g SWIRLY MARBLES,9272
WOODLAND CHARLOTTE BAG,9219
ROSES REGENCY TEACUP AND SAUCER ,9119
PENS ASSORTED FUNNY FACE,9110
LUNCH BAG WOODLAND,9091
CHARLOTTE BAG SUKI DESIGN,8947
JUMBO BAG 50'S CHRISTMAS ,8933
POPART WOODEN PENCILS ASST,8900
SOLDIERS EGG CUP ,8757
RAIN PONCHO RETROSPOT,8752
JUMBO BAG DOILEY PATTERNS,8735
6 RIBBONS RUSTIC CHARM,8594
FANCY FONTS BIRTHDAY WRAP,8550
PACK OF 12 HEARTS DESIGN TISSUES ,8541
HANGING HEART ZINC T-LIGHT HOLDER,8444
NATURAL SLATE HEART CHALKBOARD ,8427
CLOTHES PEGS RETROSPOT PACK 24 ,8405
FUNKY DIVA PEN,8328
WOODEN PICTURE FRAME WHITE FINISH,8256
JUMBO BAG SPACEBOY DESIGN,8231
SET OF 12 FAIRY CAKE BAKING CASES,8228
ANTIQUE SILVER TEA GLASS ENGRAVED,8219
CREAM HEART CARD HOLDER,8188
JUMBO BAG WOODLAND ANIMALS,8187
JAM MAKING SET WITH JARS,8140
HAND OVER THE CHOCOLATE   SIGN ,8138
SET OF 20 VINTAGE CHRISTMAS NAPKINS,8111
PACK OF 60 SPACEBOY CAKE CASES,8097
ROUND SNACK BOXES SET OF4 WOODLAND ,8075
HAND WARMER OWL DESIGN,8056
TRADITIONAL MODELLING CLAY,7990
WRAP ALPHABET DESIGN,7925
TRADITIONAL WOODEN SKIPPING ROPE,7904
ICE CREAM SUNDAE LIP GLOSS,7896
ROTATING SILVER ANGELS T-LIGHT HLDR,7892
SPACEBOY BIRTHDAY CARD,7834
JUMBO BAG SCANDINAVIAN BLUE PAISLEY,7754
RED HANGING HEART T-LIGHT HOLDER,7749
GARDENERS KNEELING PAD KEEP CALM ,7722
SET OF 60 I LOVE LONDON CAKE CASES ,7670
PLASTERS IN TIN SPACEBOY,7656
GUMBALL COAT RACK,7652
SPOTTY BUNTING,7633
LUNCH BAG ALPHABET DESIGN,7533
BLUE HARMONICA IN BOX ,7431
RECIPE BOX PANTRY YELLOW DESIGN,7366
SET/6 RED SPOTTY PAPER PLATES,7351
CHARLOTTE BAG PINK POLKADOT,7303
PLASTERS IN TIN WOODLAND ANIMALS,7297
T-LIGHT GLASS FLUTED ANTIQUE,7264
60 CAKE CASES DOLLY GIRL DESIGN,7211
ALARM CLOCK BAKELIKE RED ,7206
WRAP ENGLISH ROSE ,7201
GINGERBREAD MAN COOKIE CUTTER,7196
VINTAGE HEADS AND TAILS CARD GAME ,7118
PINK CREAM FELT CRAFT TRINKET BOX ,7106
CHARLOTTE BAG APPLES DESIGN,7039
SET 12 KIDS COLOUR  CHALK STICKS,7012
SET OF 3 CAKE TINS PANTRY DESIGN ,7010
Manual,6933
PACK OF 12 SUKI TISSUES ,6907
BLUE POLKADOT WRAP,6900
PAPER BUNTING RETROSPOT,6877
STRAWBERRY CHARLOTTE BAG,6842
LARGE CIRCULAR MIRROR MOBILE,6809
BOX OF 24 COCKTAIL PARASOLS,6803
JUMBO BAG PEARS,6729
12 PENCILS SMALL TUBE SKULL,6727
POLKADOT PEN,6625
ICE CREAM PEN LIP GLOSS ,6607
SET/6 RED SPOTTY PAPER CUPS,6573
REGENCY TEA PLATE ROSES ,6563
LUNCH BAG DOLLY GIRL DESIGN,6527
PACK OF 12 RED RETROSPOT TISSUES ,6521
SET/10 RED POLKADOT PARTY CANDLES,6498
SPACEBOY GIFT WRAP,6477
LUNCH BAG DOILEY PATTERN ,6477
ROUND SNACK BOXES SET OF 4 FRUITS ,6469
LUNCH BAG VINTAGE DOILY ,6438
PAPER POCKET TRAVELING FAN ,6419
CHRISTMAS PUDDING TRINKET POT ,6418
GREEN REGENCY TEACUP AND SAUCER,6406
12 PENCILS SMALL TUBE RED RETROSPOT,6393
HOT BATHS METAL SIGN,6367
DINOSAUR KEYRINGS ASSORTED,6354
PINK POLKADOT WRAP ,6350
GARDENERS KNEELING PAD CUP OF TEA ,6285
WOODEN FRAME ANTIQUE WHITE ,6268
10 COLOUR SPACEBOY PEN,6267
LUNCH BAG VINTAGE LEAF DESIGN,6191
FELTCRAFT BUTTERFLY HEARTS,6123
HAND WARMER SCOTTY DOG DESIGN,6097
PACK OF 20 NAPKINS PANTRY DESIGN,6088
RECYCLING BAG RETROSPOT ,6074
PACK OF 6 BIRDY GIFT TAGS,6051
SET OF 3 HEART COOKIE CUTTERS,6001
HAND WARMER BIRD DESIGN,5993
REGENCY TEA PLATE GREEN ,5966
SET OF 12 MINI LOAF BAKING CASES,5957
SET OF 60 VINTAGE LEAF CAKE CASES ,5955
GINGHAM HEART DECORATION,5951
PLASTERS IN TIN CIRCUS PARADE ,5947
WOOD BLACK BOARD ANT WHITE FINISH,5913
TRADITIONAL KNITTING NANCY,5893
FELTCRAFT 6 FLOWER FRIENDS,5882
PLASTERS IN TIN STRONGMAN,5874
BALLOON WATER BOMB PACK OF 35,5873
SET/5 RED RETROSPOT LID GLASS BOWLS,5871
ESSENTIAL BALM 3.5g TIN IN ENVELOPE,5856
SET OF 3 REGENCY CAKE TINS,5844
SKULLS AND CROSSBONES WRAP,5800
WRAP PINK FAIRY CAKES ,5800
GRAND CHOCOLATECANDLE,5783
WOODEN BOX OF DOMINOES,5766
ZINC METAL HEART DECORATION,5750
SWEETHEART CERAMIC TRINKET BOX,5748
SINGLE HEART ZINC T-LIGHT HOLDER,5699
JUMBO STORAGE BAG SKULLS,5694
WOODEN SCHOOL COLOURING SET,5690
SET OF 72 RETROSPOT PAPER  DOILIES,5677
SMALL CERAMIC TOP STORAGE JAR ,5666
CLEAR DRAWER KNOB ACRYLIC EDWARDIAN,5657
COLOUR GLASS. STAR T-LIGHT HOLDER,5654
ALARM CLOCK BAKELIKE GREEN,5630
PENS ASSORTED SPACEBALL,5564
CHINESE DRAGON PAPER LANTERNS,5524
BATHROOM METAL SIGN,5503
HEART FILIGREE DOVE  SMALL,5362
SET OF 6 SPICE TINS PANTRY DESIGN,5360
HOME SWEET HOME MUG,5340
DOORMAT KEEP CALM AND COME IN,5338
SWALLOWS GREETING CARD,5337
HOT WATER BOTTLE KEEP CALM,5313
PINK REGENCY TEACUP AND SAUCER,5307
SET OF 3 BUTTERFLY COOKIE CUTTERS,5287
PACK OF 12 WOODLAND TISSUES ,5281
SAVE THE PLANET MUG,5264
SET/10 PINK POLKADOT PARTY CANDLES,5251
WRAP VINTAGE LEAF DESIGN,5251
WRAP RED APPLES ,5250
CHRISTMAS HANGING STAR WITH BELL,5200
SET OF 3 NOTEBOOKS IN PARCEL,5197
CACTI T-LIGHT CANDLES,5185
WRAP POPPIES  DESIGN,5175
PACK OF 12 SKULL TISSUES,5162
36 DOILIES VINTAGE CHRISTMAS,5152
CHOCOLATE HOT WATER BOTTLE,5152
ALARM CLOCK BAKELIKE PINK,5066
CHARLOTTE BAG DOLLY GIRL DESIGN,5065
CARD BILLBOARD FONT,5026
BAG 250g SWIRLY MARBLES,5004
RED STRIPE CERAMIC DRAWER KNOB,5001
PACK OF 60 MUSHROOM CAKE CASES,4936
BLUE STRIPE CERAMIC DRAWER KNOB,4936
REVOLVER WOODEN RULER ,4914
JUMBO BAG VINTAGE CHRISTMAS ,4905
BLUE VINTAGE SPOT BEAKER,4901
PENS ASSORTED FUNKY JEWELED ,4897
ZINC T-LIGHT HOLDER STARS SMALL,4894
PAPER CHAIN KIT EMPIRE,4885
SET OF 6 TEA TIME BAKING CASES,4877
WRAP CHRISTMAS VILLAGE,4876
TRAVEL SEWING KIT,4859
BLACK HEART CARD HOLDER,4843
WOODEN TREE CHRISTMAS SCANDINAVIAN,4805
BAKING SET 9 PIECE RETROSPOT ,4786
CHARLOTTE BAG VINTAGE ALPHABET ,4750
HAND WARMER UNION JACK,4730
MAGIC DRAWING SLATE PURDEY,4718
"FANCY FONT BIRTHDAY CARD, ",4704
PINK VINTAGE SPOT BEAKER,4679
WRAP DOILEY DESIGN,4675
SET OF TEA COFFEE SUGAR TINS PANTRY,4658
SILVER HANGING T-LIGHT HOLDER,4653
NO SINGING METAL SIGN,4635
ZINC FOLKART SLEIGH BELLS,4627
HAND WARMER BABUSHKA DESIGN,4604
SLEEPING CAT ERASERS,4595
PLASTERS IN TIN VINTAGE PAISLEY ,4564
WRAP 50'S  CHRISTMAS,4563
TRAVEL CARD WALLET VINTAGE TICKET,4540
WHITE SPOT RED CERAMIC DRAWER KNOB,4534
GREEN VINTAGE SPOT BEAKER,4505
4 TRADITIONAL SPINNING TOPS,4486
FELTCRAFT DOLL MOLLY,4464
PAINTED METAL PEARS ASSORTED,4454
SMALL DOLLY MIX DESIGN ORANGE BOWL,4436
VINTAGE DOILY JUMBO BAG RED ,4434
WRAP I LOVE LONDON ,4425
MINI JIGSAW SPACEBOY,4411
SOMBRERO ,4402
RETROSPOT PARTY BAG + STICKER SET,4389
SET 12 RETRO WHITE CHALK STICKS,4362
JUMBO BAG PAISLEY PARK,4358
TRAVEL CARD WALLET I LOVE LONDON,4346
JAZZ HEARTS PURSE NOTEBOOK,4339
MAGIC DRAWING SLATE SPACEBOY ,4331
RED RETROSPOT BOWL,4310
COLOURING PENCILS BROWN TUBE,4309
AREA PATROLLED METAL SIGN,4288
CARD DOLLY GIRL ,4271
YOU'RE CONFUSING ME METAL SIGN ,4270
HAND WARMER RED RETROSPOT,4268
PAPER CHAIN KIT RETROSPOT,4265
SET OF 6 SNACK LOAF BAKING CASES,4264
SMALL WHITE HEART OF WICKER,4262
SET 40 HEART SHAPE PETIT FOUR CASES,4260
RED RETROSPOT SHOPPER BAG,4257
SCOTTIE DOG HOT WATER BOTTLE,4248
RETROSPOT TEA SET CERAMIC 11 PC ,4239
EMPIRE DESIGN ROSETTE,4236
PACK OF 20 NAPKINS RED APPLES,4229
LONDON BUS COFFEE MUG,4213
JUMBO BAG TOYS ,4198
STAR DECORATION PAINTED ZINC ,4175
TEA PARTY BIRTHDAY CARD,4141
SET OF 20 KIDS COOKIE CUTTERS,4139
HEART DECORATION RUSTIC HANGING ,4138
HANGING HEART WITH BELL,4112
SET 12 KIDS  WHITE CHALK STICKS,4090
WRAP SUKI AND FRIENDS,4075
RED SPOT CERAMIC DRAWER KNOB,4061
ASSORTED INCENSE PACK,4032
BEWARE OF THE CAT METAL SIGN ,4025
PLASTERS IN TIN SKULLS,4009
12 PENCIL SMALL TUBE WOODLAND,3998
PACK OF 12 PINK POLKADOT TISSUES,3985
WHITE SPOT BLUE CERAMIC DRAWER KNOB,3971
SET/10 BLUE POLKADOT PARTY CANDLES,3966
BLUE SPOT CERAMIC DRAWER KNOB,3962
SET OF 72 PINK HEART PAPER DOILIES,3953
POTTERING IN THE SHED METAL SIGN,3922
CERAMIC STRAWBERRY CAKE MONEY BANK,3919
PANTRY WASHING UP BRUSH,3913
PACK OF 12 COLOURED PENCILS,3898
LADIES & GENTLEMEN METAL SIGN,3898
DOORMAT RED RETROSPOT,3897
TEA BAG PLATE RED RETROSPOT,3861
HEART IVORY TRELLIS SMALL,3856
RED POLKADOT BEAKER ,3822
EDWARDIAN PARASOL NATURAL,3822
"""""""RECORD FRAME 7"""""""" SINGLE SIZE """"""",3812
MOROCCAN TEA GLASS,3784
12 PENCILS TALL TUBE POSY,3782
FILIGRIS HEART WITH BUTTERFLY,3778
PAPER BUNTING WHITE LACE,3772
CARTOON  PENCIL SHARPENERS,3760
RED RETROSPOT PICNIC BAG,3756
TOILET METAL SIGN,3749
ROBOT BIRTHDAY CARD,3747
HOT WATER BOTTLE TEA AND SYMPATHY,3729
6 GIFT TAGS VINTAGE CHRISTMAS ,3726
HAND WARMER RED LOVE HEART,3721
SET OF 3 WOODEN HEART DECORATIONS,3717
STRAWBERRY LUNCH BOX WITH CUTLERY,3711
GIRAFFE WOODEN RULER,3708
DOORMAT NEW ENGLAND,3698
REGENCY TEA PLATE PINK,3688
METAL SIGN TAKE IT OR LEAVE IT ,3687
JINGLE BELL HEART DECORATION,3679
RED WOOLLY HOTTIE WHITE HEART.,3676
JAM JAR WITH PINK LID,3675
SMALL GLASS HEART TRINKET POT,3664
BOX OF 6 MINI VINTAGE CRACKERS,3645
CHOCOLATE THIS WAY METAL SIGN,3633
DOORMAT UNION FLAG,3614
SET OF 3 HANGING OWLS OLLIE BEAK,3613
COWBOYS AND INDIANS BIRTHDAY CARD ,3581
"FEATHER PEN,HOT PINK",3573
IVORY HANGING DECORATION  HEART,3558
JINGLE BELL HEART ANTIQUE SILVER,3544
POTTERING MUG,3541
CHILDRENS APRON SPACEBOY DESIGN,3537
ANGEL DECORATION 3 BUTTONS ,3528
CHILDRENS CUTLERY POLKADOT PINK,3528
BOX OF 6 MINI 50'S CRACKERS,3520
RED RETROSPOT CUP,3519
36 PENCILS TUBE RED RETROSPOT,3518
VINTAGE DOILY TRAVEL SEWING KIT,3516
MAGIC DRAWING SLATE DOLLY GIRL ,3511
ANTIQUE SILVER TEA GLASS ETCHED,3487
CHRISTMAS CRAFT LITTLE FRIENDS,3459
PLAYING CARDS KEEP CALM & CARRY ON,3432
DOORMAT FAIRY CAKE,3427
PACK OF 12 50'S CHRISTMAS TISSUES,3413
CARD MOTORBIKE SANTA,3402
PIECE OF CAMO STATIONERY SET,3380
TOILET SIGN OCCUPIED OR VACANT,3378
CIRCUS PARADE LUNCH BOX ,3371
HANGING MINI COLOURED BOTTLES,3369
CARD BIRTHDAY COWBOY,3367
LOVEBIRD HANGING DECORATION WHITE ,3367
EMPIRE GIFT WRAP,3350
ASSORTED COLOUR T-LIGHT HOLDER,3349
6 GIFT TAGS 50'S CHRISTMAS ,3343
PARTY METAL SIGN ,3330
RETROSPOT HEART HOT WATER BOTTLE,3326
HERB MARKER BASIL,3325
FENG SHUI PILLAR CANDLE,3317
LETTER SHAPE PENCIL SHARPENER,3316
LUNCH BAG PAISLEY PARK  ,3305
PACK OF 12 PINK PAISLEY TISSUES ,3294
MAGIC DRAWING SLATE CIRCUS PARADE  ,3291
SMALL MARSHMALLOWS PINK BOWL,3285
FELTCRAFT CUSHION OWL,3277
WRAP VINTAGE PETALS  DESIGN,3275
PINK DRAWER KNOB ACRYLIC EDWARDIAN,3269
BUNDLE OF 3 ALPHABET EXERCISE BOOKS,3269
DOORMAT HEARTS,3268
CHRISTMAS STAR WISH LIST CHALKBOARD,3264
VINTAGE UNION JACK MEMOBOARD,3252
WRAP PAISLEY PARK ,3250
CARD I LOVE LONDON ,3249
GIN & TONIC DIET GREETING CARD ,3217
RED RETROSPOT OVEN GLOVE ,3186
HANGING METAL HEART LANTERN,3179
PHOTO FRAME CORNICE,3176
TOY TIDY PINK POLKADOT,3167
CHRISTMAS TOILET ROLL,3164
PINK POLKADOT BOWL,3157
BLUE POLKADOT CUP,3153
GREY HEART HOT WATER BOTTLE,3145
PINK FAIRY CAKE CHILDRENS APRON,3140
CARD CHRISTMAS VILLAGE,3138
PINK HEART SHAPE EGG FRYING PAN,3134
POSTAGE,3120
JUMBO BAG DOLLY GIRL DESIGN,3096
DOORMAT FANCY FONT HOME SWEET HOME,3087
"KEY FOB , SHED",3081
CARD CIRCUS PARADE,3076
RED RETROSPOT PLATE ,3071
CHRISTMAS CRAFT WHITE FAIRY ,3070
PANTRY MAGNETIC  SHOPPING LIST,3063
REGENCY MILK JUG PINK ,3062
JAZZ HEARTS ADDRESS BOOK,3054
ROLL WRAP 50'S CHRISTMAS,3054
5 HOOK HANGER RED MAGIC TOADSTOOL,3054
JAM JAR WITH GREEN LID,3046
TRAVEL CARD WALLET TRANSPORT,3042
HEART IVORY TRELLIS LARGE,3039
RETROSPOT CHILDRENS APRON,3038
FOLKART STAR CHRISTMAS DECORATIONS,3016
FELTCRAFT CUSHION RABBIT,3012
PICTURE DOMINOES,2991
SMALL RED RETROSPOT WINDMILL,2974
PACK OF 12 SPACEBOY TISSUES,2955
REGENCY SUGAR BOWL GREEN,2954
LARGE CERAMIC TOP STORAGE JAR,2950
HOT WATER BOTTLE I AM SO POORLY,2939
ASSORTED BOTTLE TOP  MAGNETS ,2928
SET OF 36 TEATIME PAPER DOILIES,2926
FAWN BLUE HOT WATER BOTTLE,2919
WASHROOM METAL SIGN,2918
HOUSE SHAPE PENCIL SHARPENER,2915
3 STRIPEY MICE FELTCRAFT,2914
NATURAL SLATE RECTANGLE CHALKBOARD,2910
TRADITIONAL WOODEN CATCH CUP GAME ,2910
PENNY FARTHING BIRTHDAY CARD,2903
TRADITIONAL CHRISTMAS RIBBONS,2903
LARGE WHITE HEART OF WICKER,2892
SMALL FOLDING SCISSOR(POINTED EDGE),2892
CHRISTMAS METAL TAGS ASSORTED ,2857
RECIPE BOX RETROSPOT ,2851
LUNCH BOX WITH CUTLERY RETROSPOT ,2848
ROLL WRAP VINTAGE CHRISTMAS,2847
GIN AND TONIC MUG,2845
3 HEARTS HANGING DECORATION RUSTIC,2845
MINI PLAYING CARDS BUFFALO BILL ,2839
SET OF 6 RIBBONS VINTAGE CHRISTMAS,2839
GLASS HEART T-LIGHT HOLDER ,2828
WRAP CIRCUS PARADE,2827
MINI JIGSAW DOLLY GIRL,2821
BLUE POLKADOT BEAKER ,2806
LIPSTICK PEN RED,2803
LAUNDRY 15C METAL SIGN,2791
MEMO BOARD RETROSPOT  DESIGN,2786
EDWARDIAN PARASOL BLACK,2779
SET 12 COLOUR PENCILS SPACEBOY ,2778
HAPPY STENCIL CRAFT,2777
WRAP DOLLY GIRL,2775
COFFEE MUG APPLES DESIGN,2764
WHITE ROCKING HORSE HAND PAINTED,2750
VINTAGE CHRISTMAS BUNTING,2748
SCANDINAVIAN REDS RIBBONS,2741
ASS FLORAL PRINT MULTI SCREWDRIVER,2730
ENGLISH ROSE NOTEBOOK A7 SIZE,2729
BLUE POLKADOT BOWL,2728
SET OF 9 BLACK SKULL BALLOONS,2725
ALARM CLOCK BAKELIKE IVORY,2721
HEART FILIGREE DOVE LARGE,2719
VICTORIAN  METAL POSTCARD SPRING,2707
CHRISTMAS METAL POSTCARD WITH BELLS,2704
WHITE SKULL HOT WATER BOTTLE ,2699
SET/3 RED GINGHAM ROSE STORAGE BOX,2698
MINI PLAYING CARDS SPACEBOY ,2694
SET 2 PANTRY DESIGN TEA TOWELS,2693
FELTCRAFT CUSHION BUTTERFLY,2692
FOLKART ZINC HEART CHRISTMAS DEC,2679
SET OF 9 HEART SHAPED BALLOONS,2671
ALPHABET STENCIL CRAFT,2668
PHOTO CUBE,2667
REGENCY TEAPOT ROSES ,2662
CARD GINGHAM ROSE ,2654
SET OF 36 DOILIES PANTRY DESIGN,2653
ICE CREAM BUBBLES,2647
12 PENCILS TALL TUBE RED RETROSPOT,2643
HOME BUILDING BLOCK WORD,2633
CLASSIC CAFE SUGAR DISPENSER,2633
PACK OF 12 VINTAGE CHRISTMAS TISSUE,2630
RECYCLED PENCIL WITH RABBIT ERASER,2629
GIANT 50'S CHRISTMAS CRACKER,2628
CAMOUFLAGE LED TORCH,2628
 SET 2 TEA TOWELS I LOVE LONDON ,2621
LOVE HEART POCKET WARMER,2619
PIGGY BANK RETROSPOT ,2615
ZINC WILLIE WINKIE  CANDLE STICK,2606
SET 20 NAPKINS FAIRY CAKES DESIGN ,2601
TEA TIME TEA TOWELS ,2600
ROLL WRAP VINTAGE SPOT ,2584
PINK  POLKADOT CUP,2572
SPACEBOY BEAKER,2567
ASSORTED CREEPY CRAWLIES,2551
MAGNETS PACK OF 4 SWALLOWS,2544
VINTAGE UNION JACK BUNTING,2538
SET OF 5 LUCKY CAT MAGNETS ,2536
SET OF 6 NATIVITY MAGNETS ,2530
RIBBON REEL STRIPES DESIGN ,2525
CHILDRENS CUTLERY POLKADOT BLUE,2523
ASSORTED LAQUERED INCENSE HOLDERS,2516
3 PIECE SPACEBOY COOKIE CUTTER SET,2510
FINE WICKER HEART ,2506
RETRO COFFEE MUGS ASSORTED,2504
MUSICAL ZINC HEART DECORATION ,2498
PURPLE DRAWERKNOB ACRYLIC EDWARDIAN,2492
CHILDRENS CUTLERY RETROSPOT RED ,2492
SET/20 STRAWBERRY PAPER NAPKINS ,2483
TRAVEL CARD WALLET UNION JACK,2477
MINI PLAYING CARDS DOLLY GIRL ,2472
KNITTED UNION FLAG HOT WATER BOTTLE,2465
SCANDINAVIAN PAISLEY PICNIC BAG,2463
GLITTER CHRISTMAS STAR ,2462
PACK OF 6 COCKTAIL PARASOL STRAWS,2460
RED RETROSPOT PEG BAG,2458
SET OF SALT AND PEPPER TOADSTOOLS,2455
VINTAGE CHRISTMAS CAKE FRILL,2453
ASSORTED TUTTI FRUTTI PEN,2451
MINI JIGSAW CIRCUS PARADE ,2451
CLASSIC CHROME BICYCLE BELL ,2451
RED RETROSPOT SMALL MILK JUG,2450
WRAP  VINTAGE DOILY ,2450
RED SPOT PAPER GIFT BAG,2444
CHRISTMAS CRAFT TREE TOP ANGEL,2443
SET OF 4 JAM JAR MAGNETS,2441
STAR WOODEN CHRISTMAS DECORATION,2440
"FEATHER PEN,COAL BLACK",2438
GLITTER HEART DECORATION,2434
TREASURE ISLAND BOOK BOX,2428
MINI PAINTED GARDEN DECORATION ,2427
HANGING JAM JAR T-LIGHT HOLDERS,2413
PINK PARTY BAGS,2409
PINK VINTAGE PAISLEY PICNIC BAG,2406
PANTRY ROLLING PIN,2406
ANGEL DECORATION STARS ON DRESS,2399
PACK OF 6 SANDCASTLE FLAGS ASSORTED,2396
 DOLLY GIRL BEAKER,2394
NAMASTE SWAGAT INCENSE,2391
VINTAGE KID DOLLY CARD ,2381
SMALL HEART MEASURING SPOONS,2379
VICTORIAN SEWING KIT,2370
EMBOSSED GLASS TEALIGHT HOLDER,2368
SPACEBOY CHILDRENS BOWL,2367
QUEENS GUARD COFFEE MUG,2365
PAINT YOUR OWN CANVAS SET,2352
PLACE SETTING WHITE STAR,2350
20 DOLLY PEGS RETROSPOT,2346
POTTING SHED TEA MUG,2344
FRENCH STYLE STORAGE JAR BONBONS,2338
LOVE HOT WATER BOTTLE,2325
WOOD 2 DRAWER CABINET WHITE FINISH,2324
CUPCAKE LACE PAPER SET 6,2321
SET/2 RED RETROSPOT TEA TOWELS ,2315
MINI PLAYING CARDS GYMKHANA,2297
I'M ON HOLIDAY METAL SIGN,2292
SET OF 6 SOLDIER SKITTLES,2290
FLUTED ANTIQUE CANDLE HOLDER,2289
TEA TIME PARTY BUNTING,2288
COFFEE MUG PEARS  DESIGN,2287
SET OF 4 KNICK KNACK TINS DOILY ,2286
PANTRY SCRUBBING BRUSH,2286
CHRISTMAS TREE PAINTED ZINC ,2283
PINK HAPPY BIRTHDAY BUNTING,2283
DOVE DECORATION PAINTED ZINC ,2281
RAINY LADIES BIRTHDAY CARD,2280
WRAP GINGHAM ROSE ,2276
SET 6 PAPER TABLE LANTERN HEARTS ,2260
SET OF 5 PANCAKE DAY MAGNETS,2255
TEA PARTY  WRAPPING PAPER ,2250
ASSTD FRUIT+FLOWERS FRIDGE MAGNETS,2244
CHRISTMAS RETROSPOT ANGEL WOOD,2235
LOVE HEART TRINKET POT,2232
TRAVEL CARD WALLET SUKI,2228
SMALL HANGING IVORY/RED WOOD BIRD,2227
PACK OF 12 BLUE PAISLEY TISSUES ,2223
FELTCRAFT PRINCESS CHARLOTTE DOLL,2210
RED ROCKING HORSE HAND PAINTED,2206
STAR DECORATION RUSTIC,2201
ROCKING HORSE RED CHRISTMAS ,2200
VINTAGE CHRISTMAS STOCKING ,2199
SET/6 COLLAGE PAPER CUPS,2199
ASSORTED TUTTI FRUTTI BRACELET,2197
PACK OF 6 SKULL PAPER PLATES,2194
SET OF 10 LED DOLLY LIGHTS,2192
CHILDRENS APRON APPLES DESIGN,2189
ALARM CLOCK BAKELIKE ORANGE,2179
HEART WREATH DECORATION WITH BELL,2163
PACK OF 6 LARGE FRUIT STRAWS ,2155
IVORY WICKER HEART SMALL,2154
BAKING SET SPACEBOY DESIGN,2153
SET 12 COLOUR PENCILS DOLLY GIRL ,2152
METAL 4 HOOK HANGER FRENCH CHATEAU,2149
RETROSPOT CIGAR BOX MATCHES ,2138
GLASS BON BON JAR,2135
BLUE POLKADOT PLATE ,2131
VINTAGE GLASS T-LIGHT HOLDER,2129
SET OF 12  VINTAGE POSTCARD SET,2128
HEART WOODEN CHRISTMAS DECORATION,2121
LUNCH BAG SUKI  DESIGN ,2118
"ELEPHANT, BIRTHDAY CARD, ",2114
TRAVEL CARD WALLET RETROSPOT,2104
WRAP RED VINTAGE DOILY,2100
BUNDLE OF 3 RETRO NOTE BOOKS,2099
COFFEE MUG CAT + BIRD DESIGN,2098
KNICKERBOCKERGLORY MAGNET ASSORTED ,2094
PARTY CHARMS 50 PIECES,2091
SILVER BELLS TABLE DECORATION,2090
WOODEN HAPPY BIRTHDAY GARLAND,2090
12 COLOURED PARTY BALLOONS,2089
PACK 3 BOXES BIRD PANNETONE ,2088
ABC TREASURE BOOK BOX ,2088
PACK OF 12 VINTAGE DOILY TISSUES,2087
RED RETROSPOT TISSUE BOX,2081
DRAWER KNOB CRACKLE GLAZE IVORY,2076
VANILLA INCENSE IN TIN,2066
MINIATURE ANTIQUE ROSE HOOK IVORY,2065
PACK OF 20 SKULL PAPER NAPKINS,2065
MINI JIGSAW PURDEY,2064
SET 6 SCHOOL MILK BOTTLES IN CRATE,2063
SET/6 PINK  BUTTERFLY T-LIGHTS,2058
RED SPOTTY BISCUIT TIN,2058
TRAVEL CARD WALLET SKULLS,2052
PACK OF 6 SKULL PAPER CUPS,2050
WRAP COWBOYS  ,2050
BISCUIT TIN 50'S CHRISTMAS,2048
CHRISTMAS GINGHAM STAR,2047
CERAMIC CHERRY CAKE MONEY BANK,2043
MULTICOLOUR SPRING FLOWER MUG,2042
SET OF 36 PAISLEY FLOWER DOILIES,2036
DRAWER KNOB CERAMIC IVORY,2035
CANDLEHOLDER PINK HANGING HEART,2035
BLUE POLKADOT COFFEE MUG,2035
STRAWBERRY SHOPPER BAG,2034
ZINC T-LIGHT HOLDER STAR LARGE,2030
DOORMAT WELCOME PUPPIES,2027
PACK OF 12 CIRCUS PARADE TISSUES ,2022
TRADITIONAL NAUGHTS & CROSSES,2018
HEART DECORATION PAINTED ZINC ,2018
FAIRY TALE COTTAGE NIGHTLIGHT,2016
12 PENCILS TALL TUBE SKULLS,2014
PACK OF 6 PANNETONE GIFT BOXES,2012
IVORY WICKER HEART MEDIUM,2009
TREASURE TIN GYMKHANA DESIGN,2005
TEA TIME OVEN GLOVE,2001
KINGS CHOICE MUG,2000
36 FOIL HEART CAKE CASES,1998
GENTLEMAN SHIRT REPAIR KIT ,1992
RIBBON REEL SNOWY VILLAGE,1991
ENAMEL FLOWER JUG CREAM,1991
RED DRAWER KNOB ACRYLIC EDWARDIAN,1983
FRENCH STYLE STORAGE JAR CAFE ,1982
CHILDREN'S APRON DOLLY GIRL ,1981
CHILDRENS CUTLERY SPACEBOY ,1980
IVORY WICKER HEART LARGE,1979
WATERING CAN BLUE ELEPHANT,1979
SET OF 2 TEA TOWELS APPLE AND PEARS,1975
DOORMAT ENGLISH ROSE ,1972
HANGING HEART MIRROR DECORATION ,1969
WHITE JEWELLED HEART DECORATION,1968
SET OF 3 WOODEN STOCKING DECORATION,1964
HANGING METAL STAR LANTERN,1958
ENGLISH ROSE GARDEN SECATEURS,1957
BOUDOIR SQUARE TISSUE BOX,1955
PINK BABY BUNTING,1954
KITCHEN METAL SIGN,1954
SPACEBOY CHILDRENS CUP,1951
"WRAP, BILLBOARD FONTS DESIGN",1950
BLUE HAPPY BIRTHDAY BUNTING,1948
SET 2 TEA TOWELS I LOVE LONDON ,1947
FELTCRAFT PRINCESS LOLA DOLL,1945
JUMBO BAG SCANDINAVIAN PAISLEY,1945
SILVER STARS TABLE DECORATION,1942
SKULL LUNCH BOX WITH CUTLERY ,1940
EMPIRE TISSUE BOX,1937
LIPSTICK PEN FUSCHIA,1924
"FEATHER PEN,LIGHT PINK",1924
LOVE BUILDING BLOCK WORD,1923
CREAM CUPID HEARTS COAT HANGER,1917
PINK  POLKADOT PLATE ,1911
DAIRY MAID STRIPE MUG,1906
"KEY FOB , FRONT  DOOR ",1902
LARGE RED RETROSPOT WINDMILL,1900
POPPY'S PLAYHOUSE KITCHEN,1887
 50'S CHRISTMAS GIFT BAG LARGE,1885
FOOD CONTAINER SET 3 LOVE HEART ,1884
FELTCRAFT CHRISTMAS FAIRY,1881
WRAP GREEN PEARS ,1875
RED FLORAL FELTCRAFT SHOULDER BAG,1874
HEART DECORATION WITH PEARLS ,1873
HANGING WOOD AND FELT FLOWER,1871
HEADS AND TAILS SPORTING FUN,1871
SET 12 COLOURING PENCILS DOILY,1870
"KEY FOB , GARAGE DESIGN",1870
SKULLS  WATER TRANSFER TATTOOS ,1869
VINTAGE BILLBOARD TEA MUG,1867
SKULLS GREETING CARD,1860
EASTER DECORATION HANGING BUNNY,1860
SET 6 PAPER TABLE LANTERN STARS ,1859
CARD SUKI BIRTHDAY,1858
CHRISTMAS HANGING TREE WITH BELL,1857
TRAVEL CARD WALLET PANTRY,1853
HERB MARKER ROSEMARY,1851
WRAP ALPHABET POSTER  ,1850
RETROSPOT WOODEN HEART DECORATION,1850
12 PENCILS TALL TUBE WOODLAND,1849
"BIRTHDAY CARD, RETRO SPOT",1848
BUFFALO BILL TREASURE BOOK BOX,1847
SINGLE ANTIQUE ROSE HOOK IVORY,1843
SET OF 3 WOODEN SLEIGH DECORATIONS,1842
RED RETROSPOT UMBRELLA,1841
GREEN DRAWER KNOB ACRYLIC EDWARDIAN,1840
FOLDING BUTTERFLY MIRROR HOT PINK ,1838
"SET 3 RETROSPOT TEA,COFFEE,SUGAR",1836
TRADITIONAL PICK UP STICKS GAME ,1836
REX CASH+CARRY JUMBO SHOPPER,1832
GINGHAM ROSE WRAP,1825
MOTORING TISSUE BOX,1823
CHRISTMAS DECOUPAGE CANDLE,1821
MAGIC DRAWING SLATE DINOSAUR,1816
HERB MARKER THYME,1816
HOME SWEET HOME HANGING HEART,1815
RED RETROSPOT MUG,1813
EASTER CRAFT 4 CHICKS ,1813
RED RETROSPOT CAKE STAND,1808
SET OF 4 KNICK KNACK TINS DOILEY ,1802
SMALL RED BABUSHKA NOTEBOOK ,1800
WRAP BILLBOARD FONTS DESIGN,1800
CARD PSYCHEDELIC APPLES,1798
SCENTED VELVET LOUNGE CANDLE ,1788
DOORMAT BLACK FLOCK ,1784
NO JUNK MAIL METAL SIGN,1783
3 RAFFIA RIBBONS 50'S CHRISTMAS ,1782
VINTAGE CHRISTMAS GIFT BAG LARGE ,1781
POPPY'S PLAYHOUSE BEDROOM ,1780
VINTAGE  2 METER FOLDING RULER,1775
SET OF 4 KNICK KNACK TINS LONDON ,1775
RED VINTAGE SPOT BEAKER,1774
ALARM CLOCK BAKELIKE CHOCOLATE,1772
HERB MARKER PARSLEY,1771
KEY RING BASEBALL BOOT UNION JACK,1770
WOODLAND PARTY BAG + STICKER SET,1768
IVORY KITCHEN SCALES,1765
CALENDAR PAPER CUT DESIGN,1764
RING OF ROSES BIRTHDAY CARD,1764
SUKI  SHOULDER BAG,1763
GARLAND WOODEN HAPPY EASTER,1762
6 ROCKET BALLOONS ,1762
FRENCH WC SIGN BLUE METAL,1753
DECORATIVE WICKER HEART MEDIUM,1751
VINTAGE DONKEY TAIL GAME ,1750
ANIMAL STICKERS,1749
CERAMIC HEART FAIRY CAKE MONEY BANK,1748
SET 3 PAPER VINTAGE CHICK PAPER EGG,1746
SCANDINAVIAN 3 HEARTS NAPKIN RING,1746
CHRISTMAS GINGHAM TREE,1744
"KEY FOB , BACK DOOR ",1742
MAGIC DRAWING SLATE BAKE A CAKE ,1740
CERAMIC STRAWBERRY DESIGN MUG,1739
WOODEN UNION JACK BUNTING,1734
BICYCLE PUNCTURE REPAIR KIT ,1730
PARTY CONES CANDY ASSORTED,1729
BLUE EGG  SPOON,1718
MINI LIGHTS WOODLAND MUSHROOMS,1717
ASSORTED COLOUR MINI CASES,1717
PACK OF SIX LED TEA LIGHTS,1715
REGENCY SUGAR TONGS,1714
MAGIC DRAWING SLATE BUNNIES ,1713
HOME SWEET HOME METAL SIGN ,1712
BOX OF 6 CHRISTMAS CAKE DECORATIONS,1712
RED RETROSPOT MINI CASES,1711
HANGING CLEAR MINI BOTTLE,1710
3 HOOK PHOTO SHELF ANTIQUE WHITE,1706
PARTY PIZZA DISH RED RETROSPOT,1702
RIBBON REEL HEARTS DESIGN ,1701
MAGNETS PACK OF 4 VINTAGE COLLAGE,1701
DECORATIVE WICKER HEART LARGE,1701
PAPER BUNTING COLOURED LACE,1698
CREAM SWEETHEART MINI CHEST,1696
LARGE HEART MEASURING SPOONS,1696
MINI WOODEN HAPPY BIRTHDAY GARLAND,1695
TRAVEL CARD WALLET FLOWER MEADOW,1693
CHILDREN'S SPACEBOY MUG,1688
CHILDRENS CUTLERY POLKADOT GREEN ,1688
 RED SPOT GIFT BAG LARGE,1686
FAIRY CAKES NOTEBOOK A7 SIZE,1684
WALL TIDY RETROSPOT ,1680
BUNDLE OF 3 SCHOOL EXERCISE BOOKS  ,1678
BLACK WINE GLASS,1666
HERB MARKER MINT,1665
SET OF 3 WOODEN TREE DECORATIONS,1665
SET/6 COLLAGE PAPER PLATES,1664
SCOTTIE DOGS BABY BIB,1663
PLAYING CARDS JUBILEE UNION JACK,1661
SMALL CHOCOLATES PINK BOWL,1660
DOORMAT SPOTTY HOME SWEET HOME,1657
SMALL HEART FLOWERS HOOK ,1654
SET OF 3 BIRD LIGHT PINK FEATHER ,1654
SET 7 BABUSHKA NESTING BOXES,1651
FELTCRAFT DOLL ROSIE,1648
WATERING CAN PINK BUNNY,1644
HERB MARKER CHIVES ,1643
ANTIQUE GLASS DRESSING TABLE POT,1642
VINTAGE RED ENAMEL TRIM MUG ,1633
BISCUIT TIN VINTAGE CHRISTMAS,1632
SET OF 5 MINI GROCERY MAGNETS,1631
EDWARDIAN PARASOL RED,1630
GYMKHANA TREASURE BOOK BOX,1630
CAMOUFLAGE DESIGN TEDDY,1630
36 PENCILS TUBE SKULLS,1627
12 MESSAGE CARDS WITH ENVELOPES,1621
CHILDRENS CUTLERY DOLLY GIRL ,1621
PACK OF 6 SMALL FRUIT STRAWS,1617
3 HOOK HANGER MAGIC GARDEN,1615
PACK OF 12 PAISLEY PARK TISSUES ,1614
RED GINGHAM ROSE JEWELLERY BOX,1612
WICKER STAR ,1608
REGENCY CAKE FORK,1608
CHRISTMAS TABLE SILVER CANDLE SPIKE,1603
PINK DOUGHNUT TRINKET POT ,1602
36 PENCILS TUBE WOODLAND,1595
DOORMAT HOME SWEET HOME BLUE ,1595
STAR WREATH DECORATION WITH BELL,1594
VINTAGE LEAF MAGNETIC NOTEPAD,1593
ROLL WRAP 50'S RED CHRISTMAS ,1593
FILIGREE HEART BUTTERFLY WHITE ,1592
STRAWBERRY   PICNIC BAG,1590
CLASSIC BICYCLE CLIPS ,1587
WHITE METAL LANTERN,1586
POLKADOT RAIN HAT ,1586
IF YOU CAN'T STAND THE HEAT MUG,1583
KEY RING BASEBALL BOOT ASSORTED ,1580
SWALLOW SQUARE TISSUE BOX,1577
SET/6 FRUIT SALAD PAPER CUPS,1576
WRAP FLOWER SHOP  ,1575
SMALL PURPLE BABUSHKA NOTEBOOK ,1574
OPEN CLOSED METAL SIGN,1574
CHOCOLATE BOX RIBBONS ,1573
VINTAGE SNAKES & LADDERS,1571
RIBBON REEL CHRISTMAS SOCK BAUBLE,1571
LADS ONLY TISSUE BOX,1571
CHRISTMAS LIGHTS 10 REINDEER,1570
CARD PARTY GAMES ,1569
VINTAGE CHRISTMAS PAPER GIFT BAG,1563
BANQUET BIRTHDAY  CARD  ,1560
PORCELAIN ROSE SMALL,1560
BLUE DRAWER KNOB ACRYLIC EDWARDIAN,1560
SANDALWOOD FAN,1558
DOLLY GIRL CHILDRENS BOWL,1553
POLYESTER FILLER PAD 40x40cm,1551
BINGO SET,1551
DOLLY GIRL CHILDRENS CUP,1548
LUNCH BAG RED VINTAGE DOILY,1547
CHICK GREY HOT WATER BOTTLE,1545
RED 3 PIECE RETROSPOT CUTLERY SET,1543
FRENCH ENAMEL CANDLEHOLDER,1541
CHRISTMAS RETROSPOT STAR WOOD,1538
SMALL ZINC HEART WALL ORGANISER,1538
6 RIBBONS ELEGANT CHRISTMAS ,1538
CARD CAT AND TREE ,1536
ETCHED GLASS COASTER,1536
VINTAGE BILLBOARD LOVE/HATE MUG,1535
MIRROR MOSAIC T-LIGHT HOLDER ,1533
WOODEN OWLS LIGHT GARLAND ,1532
PACK 3 BOXES CHRISTMAS PANNETONE,1531
SET 12 COLOUR PENCILS LOVE LONDON,1529
3D VINTAGE CHRISTMAS STICKERS ,1522
BLACK CHAMPAGNE GLASS,1517
CHILDRENS DOLLY GIRL MUG,1514
FELTCRAFT PRINCESS OLIVIA DOLL,1511
DOORSTOP RETROSPOT HEART,1511
CARD WEDDING DAY,1506
PARTY CONE CHRISTMAS DECORATION ,1505
PORCELAIN BUDAH INCENSE HOLDER,1501
RED POLKADOT COFFEE  MUG,1499
SET 36 COLOUR PENCILS SPACEBOY ,1498
METAL SIGN EMPIRE TEA,1495
RETROSPOT GIANT TUBE MATCHES,1494
DECORATIVE WICKER HEART SMALL,1492
TRAVEL CARD WALLET RETRO PETALS,1489
CHRISTMAS MUSICAL ZINC STAR,1489
PACK OF 20 SPACEBOY NAPKINS,1488
FRIDGE MAGNETS US DINER ASSORTED,1482
PACK OF 12 VINTAGE LEAF TISSUES ,1474
KNEELING MAT HOUSEWORK  DESIGN,1473
3D TRADITIONAL CHRISTMAS STICKERS,1471
RED KITCHEN SCALES,1469
RED RETROSPOT SUGAR JAM BOWL,1469
MINI CAKE STAND T-LIGHT HOLDER,1464
REINDEER HEART DECORATION SILVER,1461
RED RETROSPOT TAPE,1458
METAL DECORATION NAUGHTY CHILDREN ,1454
BLUE PARTY BAGS ,1451
PAINTED METAL STAR WITH HOLLY BELLS,1449
NATURAL SLATE CHALKBOARD LARGE ,1448
COFFEE MUG DOG + BALL DESIGN,1436
TEATIME ROUND PENCIL SHARPENER ,1436
POLKADOT COFFEE CUP & SAUCER PINK,1435
SET OF 2 CERAMIC CHRISTMAS REINDEER,1434
MINI JIGSAW BAKE A CAKE ,1434
TREASURE TIN BUFFALO BILL ,1430
NATURAL HANGING QUILTED HEARTS ,1427
PICNIC BASKET WICKER SMALL,1424
DANISH ROSE PHOTO FRAME,1423
MOODY GIRL DOOR HANGER ,1422
WHITE WICKER STAR ,1422
IVORY DINER WALL CLOCK,1419
SWALLOW WOODEN CHRISTMAS DECORATION,1418
DOORMAT MULTICOLOUR STRIPE,1418
FOUR HOOK  WHITE LOVEBIRDS,1416
ENGLISH ROSE HOT WATER BOTTLE,1414
TOXIC AREA  DOOR HANGER ,1413
BIRDHOUSE GARDEN MARKER ,1411
CHARLIE AND LOLA FIGURES TINS,1404
CARAVAN SQUARE TISSUE BOX,1399
CERAMIC CAKE DESIGN SPOTTED MUG,1399
FILIGREE HEART BIRD WHITE ,1397
SILVER GLITTER FLOWER VOTIVE HOLDER,1395
VINTAGE CARAVAN GREETING CARD ,1394
REGENCY TEA SPOON,1392
PINK 3 PIECE POLKADOT CUTLERY SET,1392
FELT FARM ANIMAL WHITE BUNNY ,1391
PEG BAG APPLES DESIGN,1390
SLATE TILE NATURAL HANGING,1390
MONSTERS STENCIL CRAFT,1390
MAGNETS PACK OF 4 HOME SWEET HOME,1386
ROUND CONTAINER SET OF 5 RETROSPOT,1386
FRENCH BATHROOM SIGN BLUE METAL,1382
FULL ENGLISH BREAKFAST PLATE,1381
BAG 500g SWIRLY MARBLES,1377
DOORMAT WELCOME TO OUR HOME,1376
VANILLA SCENT CANDLE JEWELLED BOX,1374
ASSTD MULTICOLOUR CIRCLES MUG,1374
S/4 VALENTINE DECOUPAGE HEART BOX,1368
PEARL CRYSTAL PUMPKIN T-LIGHT HLDR,1368
STARS GIFT TAPE ,1368
VINTAGE CHRISTMAS GIFT SACK,1364
WOOD S/3 CABINET ANT WHITE FINISH,1364
REGENCY TEA STRAINER,1362
MEMO BOARD COTTAGE DESIGN,1361
FLORAL FOLK STATIONERY SET,1360
GREEN POLKADOT BOWL,1360
RED HEART SHAPE LOVE BUCKET ,1358
PINK PAISLEY SQUARE TISSUE BOX ,1357
BLACK AND WHITE CAT BOWL,1357
ILLUSTRATED CAT BOWL ,1356
RETROSPOT RED WASHING UP GLOVES,1355
I CAN ONLY PLEASE ONE PERSON MUG,1349
RED DINER WALL CLOCK,1349
WATERING CAN GREEN DINOSAUR,1341
LIGHT GARLAND BUTTERFILES PINK,1340
DOG BOWL CHASING BALL DESIGN,1339
DECORATION SITTING BUNNY,1335
CLASSIC GLASS COOKIE JAR,1332
LAVENDER SCENTED FABRIC HEART,1327
WRAP WEDDING DAY,1325
HAIRCLIPS FORTIES FABRIC ASSORTED,1322
BASKET OF TOADSTOOLS,1322
VINTAGE  2 METRE FOLDING RULER,1321
TRAVEL CARD WALLET VINTAGE LEAF,1320
SKETCHBOOK MAGNETIC SHOPPING LIST,1318
50'S CHRISTMAS PAPER GIFT BAG,1317
PIG KEYRING WITH LIGHT & SOUND ,1316
POPPY'S PLAYHOUSE LIVINGROOM ,1315
SET OF 6 3D KIT CARDS FOR KIDS,1311
HANGING  BUTTERFLY T-LIGHT HOLDER,1310
RETROSPOT LARGE MILK JUG,1307
WRAP BIRD GARDEN ,1300
CHERUB HEART DECORATION SILVER ,1296
HYACINTH BULB T-LIGHT CANDLES,1296
OVEN MITT APPLES DESIGN,1296
KITTY PENCIL ERASERS,1296
BOX OF VINTAGE ALPHABET BLOCKS,1295
FELTCRAFT DOLL EMILY,1294
SET 36 COLOUR PENCILS DOLLY GIRL,1294
CHRISTMAS RETROSPOT TREE WOOD,1293
RED  EGG  SPOON,1290
MINI CAKE STAND WITH HANGING CAKES,1290
METAL SIGN HER DINNER IS SERVED ,1290
LAUREL HEART ANTIQUE SILVER,1290
SET 36 COLOURING PENCILS DOILY,1289
RIBBON REEL LACE DESIGN ,1288
RED METAL BEACH SPADE ,1288
SKULL SHOULDER BAG,1288
WOOD STAMP SET THANK YOU,1283
WATERING CAN GARDEN MARKER,1280
CHRISTMAS LIGHTS 10 VINTAGE BAUBLES,1274
LARGE CHINESE STYLE SCISSOR,1273
DRAWER KNOB CRACKLE GLAZE GREEN,1272
FAIRY CAKES NOTEBOOK A6 SIZE,1272
PRETTY HANGING QUILTED HEARTS,1272
FRENCH TOILET SIGN BLUE METAL,1270
FRIDGE MAGNETS LES ENFANTS ASSORTED,1269
15CM CHRISTMAS GLASS BALL 20 LIGHTS,1266
BIG DOUGHNUT FRIDGE MAGNETS,1266
WOODEN ROUNDERS GARDEN SET ,1265
GLAMOROUS  MUG,1265
CANDY HEART HANGING DECORATION,1265
GLITTER HANGING BUTTERFLY STRING,1264
CINNAMON SCENTED VOTIVE CANDLE,1264
WHITE SAGE INCENSE,1260
PARTY TIME PENCIL ERASERS,1259
FOLDING BUTTERFLY MIRROR RED  ,1252
ASSTD DESIGN RACING CAR PEN,1252
ROCKING HORSE GREEN CHRISTMAS ,1252
WRAP MONSTER FUN ,1250
DARK BIRD HOUSE TREE DECORATION,1249
BOYS ALPHABET IRON ON PATCHES,1248
MINI CAKE STAND  HANGING STRAWBERY,1246
RED CHARLIE+LOLA PERSONAL DOORSIGN,1245
SET 12 VINTAGE DOILY CHALK ,1244
VINYL RECORD FRAME SILVER,1236
STORAGE TIN VINTAGE DOILY ,1235
SET/6 TURQUOISE BUTTERFLY T-LIGHTS,1234
SWISS CHALET TREE DECORATION ,1233
SILVER HEARTS TABLE DECORATION,1231
METAL SIGN DROP YOUR PANTS,1230
DINOSAUR LUNCH BOX WITH CUTLERY,1227
RIBBON REEL CHRISTMAS PRESENT ,1226
PINK PAISLEY ROSE GIFT WRAP,1225
MINI FUNKY DESIGN TAPES,1225
MAGNETS PACK OF 4 VINTAGE LABELS ,1222
ROTATING LEAVES T-LIGHT HOLDER,1222
TUMBLER NEW ENGLAND,1220
FOOD/DRINK SPONGE STICKERS,1220
STRAWBERRY HONEYCOMB  GARLAND ,1220
RECIPE BOX BLUE SKETCHBOOK DESIGN,1218
DRAWER KNOB CRACKLE GLAZE PINK,1216
HANGING CHICK CREAM DECORATION,1215
HANGING QUILTED PATCHWORK APPLES,1215
SET OF 12 FORK CANDLES,1215
MODERN FLORAL STATIONERY SET,1212
MAGIC SHEEP WOOL GROWING FROM PAPER,1212
LANTERN CREAM GAZEBO ,1205
TOTE BAG I LOVE LONDON,1204
PACK OF 12 DOLLY GIRL TISSUES,1200
FILIGREE HEART DAISY WHITE,1199
FRYING PAN UNION FLAG,1199
KIDS RAIN MAC BLUE,1199
"HOOK, 1 HANGER ,MAGIC GARDEN",1198
LIPSTICK PEN BABY PINK,1198
N0 SINGING METAL SIGN,1197
ROMANTIC PINKS RIBBONS ,1196
PAINTED METAL HEART WITH HOLLY BELL,1195
PICNIC BASKET WICKER LARGE,1192
BLACK AND WHITE DOG BOWL,1192
BOYS VINTAGE TIN SEASIDE BUCKET,1190
PAPER BUNTING VINTAGE PAISLEY,1189
CHRISTMAS CARD SCREEN PRINT ,1188
CHILDREN'S CIRCUS PARADE MUG,1186
SET OF 6 T-LIGHTS SANTA,1184
ENAMEL MEASURING JUG CREAM,1184
GREEN CHRISTMAS TREE CARD HOLDER,1183
COSY HOUR CIGAR BOX MATCHES ,1183
ZINC  STAR T-LIGHT HOLDER ,1183
MAGNETS PACK OF 4 RETRO PHOTO,1176
TROPICAL  HONEYCOMB PAPER GARLAND ,1175
PACK OF 12 RED APPLE TISSUES,1175
FRENCH KITCHEN SIGN BLUE METAL,1173
SET OF 4 NAPKIN CHARMS CUTLERY,1171
DO NOT TOUCH MY STUFF DOOR HANGER ,1171
BLUE 3 PIECE POLKADOT CUTLERY SET,1170
FRIDGE MAGNETS LA VIE EN ROSE,1170
CARD DOG AND BALL ,1170
RIBBON REEL POLKADOTS ,1167
POPART RECT PENCIL SHARPENER ASST,1166
HANGING SPRING FLOWER EGG SMALL,1163
ASSTD DESIGN 3D PAPER STICKERS,1159
SET 3 SONG BIRD PAPER EGGS ASSORTED,1159
SET OF 4 SANTA PLACE SETTINGS,1158
SET OF 2 CERAMIC PAINTED HEARTS ,1157
DOORMAT UNION JACK GUNS AND ROSES,1157
3 TRADITIONAl BISCUIT CUTTERS  SET,1154
MIRROR MOSAIC T-LIGHT HOLDER ROUND,1153
TOY TIDY SPACEBOY  ,1152
VINTAGE PAISLEY STATIONERY SET,1151
EASTER TIN BUNNY BOUQUET,1144
SET/6 FRUIT SALAD  PAPER PLATES,1143
MULTICOLOUR HONEYCOMB FAN,1142
ASSORTED EASTER GIFT TAGS,1142
GIRLS VINTAGE TIN SEASIDE BUCKET,1141
RED RETROSPOT CHILDRENS UMBRELLA,1140
STAR T-LIGHT HOLDER WILLIE WINKIE,1139
PANTRY CHOPPING BOARD,1138
BLACK/BLUE POLKADOT UMBRELLA,1132
EMPIRE BIRTHDAY CARD,1131
MAGNETS PACK OF 4 CHILDHOOD MEMORY,1130
FIRST AID TIN,1129
MAN FLU METAL SIGN,1127
SILVER MUG BONE CHINA TREE OF LIFE,1126
WRAP KEEP CALM BIRTHDAY,1125
VICTORIAN SEWING BOX SMALL ,1123
LARGE PURPLE BABUSHKA NOTEBOOK  ,1120
SPACEBOY CHILDRENS EGG CUP,1118
MOODY BOY  DOOR HANGER ,1108
RETRO PLASTIC ELEPHANT TRAY,1105
DOORMAT 3 SMILEY CATS,1104
HOLIDAY FUN LUDO,1102
ASSORTED TUTTI FRUTTI KEYRING BALL,1102
CHRISTMAS TREE STAR DECORATION,1101
STRAWBRY SCENTED VOTIVE CANDLE,1101
APPLE BATH SPONGE,1100
SWEETHEART RECIPE BOOK STAND,1098
SET3 BOOK BOX GREEN GINGHAM FLOWER ,1098
RIBBON REEL MAKING SNOWMEN ,1091
ROSE 3 WICK MORRIS BOX CANDLE,1090
MINI JIGSAW BUNNIES,1088
WOOD STOCKING CHRISTMAS SCANDISPOT,1088
HANGING CHICK  YELLOW DECORATION,1085
DOILEY STORAGE TIN,1082
ELEPHANT BIRTHDAY CARD ,1080
PINK FLORAL FELTCRAFT SHOULDER BAG,1080
VINTAGE RED TRIM ENAMEL BOWL ,1079
CITRONELLA CANDLE GARDEN POT,1079
DRAWER KNOB CRACKLE GLAZE BLUE,1079
DAISY GARDEN MARKER,1078
EASTER TIN KEEPSAKE,1078
SMALL FOLKART STAR CHRISTMAS DEC,1076
WRAP MAGIC FOREST ,1075
3D CHRISTMAS STAMPS STICKERS ,1075
FAMILY ALBUM WHITE PICTURE FRAME,1074
BUTTON BOX ,1071
S/6 WOODEN SKITTLES IN COTTON BAG,1070
3 ROSE MORRIS BOXED CANDLES,1068
LARGE ZINC HEART WALL ORGANISER,1064
MAGIC DRAWING SLATE LEAP FROG ,1063
RETROSPOT SMALL TUBE MATCHES,1059
SET OF 4 ENGLISH ROSE COASTERS,1058
PLAYING CARDS I LOVE LONDON ,1058
DELUXE SEWING KIT ,1057
SET OF 6 HERB TINS SKETCHBOOK,1054
SKULLS  STICKERS,1054
OFFICE MUG WARMER BLACK+SILVER ,1049
SET OF 2 CHRISTMAS DECOUPAGE CANDLE,1048
PARTY INVITES WOODLAND,1046
PARTY PIZZA DISH PINK POLKADOT,1046
PANTRY PASTRY BRUSH,1044
MINI PLAYING CARDS FUN FAIR ,1040
SET/4 SPRING FLOWER DECORATION,1040
BAKING MOULD HEART MILK CHOCOLATE,1040
BOTTLE BAG RETROSPOT ,1038
FRENCH BLUE METAL DOOR SIGN 1,1038
BISCUITS SMALL BOWL LIGHT BLUE,1038
STRAWBERRY CERAMIC TRINKET POT,1036
6 RIBBONS EMPIRE  ,1034
VINTAGE BILLBOARD MUG ,1032
ORANGE VOTIVE CANDLE,1032
WALL ART ONLY ONE PERSON ,1031
SPACEBOY MINI BACKPACK,1030
PACK OF 6 SWEETIE GIFT BOXES,1029
RED BABY BUNTING ,1027
STRAWBERRY BATH SPONGE ,1026
FAIRY DREAMS INCENSE ,1025
HEARTS GIFT TAPE,1025
SET 8 CANDLES VINTAGE DOILY,1024
PICTURE FRAME WOOD TRIPLE PORTRAIT,1023
CIRCUS PARADE CHILDRENS EGG CUP ,1022
CAKES AND BOWS GIFT  TAPE,1017
PINK  HEART SHAPE LOVE BUCKET ,1016
BLUE POLKADOT EGG CUP ,1016
IVORY HANGING DECORATION  BIRD,1015
6 CHOCOLATE LOVE HEART T-LIGHTS,1014
GLASS APOTHECARY BOTTLE PERFUME,1014
HEART CALCULATOR,1013
GREEN POLKADOT PLATE ,1011
RED FLOCK LOVE HEART PHOTO FRAME,1010
MULTICOLOUR HONEYCOMB PAPER GARLAND,1010
BLUE PUDDING SPOON,1010
GLITTER BUTTERFLY CLIPS,1010
POLYESTER FILLER PAD 45x45cm,1008
LARGE RED BABUSHKA NOTEBOOK ,1008
DIAMANTE RING ASSORTED IN BOX.,1008
SMALL IVORY HEART WALL ORGANISER,1008
WRAP CHRISTMAS SCREEN PRINT,1000
6 RIBBONS SHIMMERING PINKS ,1000
RED METAL BOX TOP SECRET,998
36 FOIL STAR CAKE CASES ,997
CHRISTMAS TREE HEART DECORATION,997
COLOURED GLASS STAR T-LIGHT HOLDER,996
PETIT TRAY CHIC,993
GROW YOUR OWN BASIL IN ENAMEL MUG,990
HOT WATER BOTTLE BABUSHKA ,983
FELTCRAFT GIRL AMELIE KIT,982
SKULL AND CROSSBONES  GARLAND ,981
SKULLS PARTY BAG + STICKER SET,981
NOEL GARLAND PAINTED ZINC ,980
FOOD COVER WITH BEADS SET 2 ,977
CHARLIE & LOLA WASTEPAPER BIN FLORA,977
BLUE CHARLIE+LOLA PERSONAL DOORSIGN,976
BIRTHDAY BANQUET GIFT WRAP,975
CUTE CATS TAPE,975
BLUE SCANDINAVIAN PAISLEY WRAP,975
RED RETROSPOT ROUND CAKE TINS,974
SET/10 IVORY POLKADOT PARTY CANDLES,973
ASSORTED COLOUR LIZARD SUCTION HOOK,970
TOOTHPASTE TUBE PEN,970
PARTY PIZZA DISH BLUE POLKADOT,969
HOME SWEET HOME BLACKBOARD,969
OCEAN SCENT CANDLE IN JEWELLED BOX,968
FLOWERS TILE COASTER,966
FRENCH LAVENDER SCENT HEART,965
WHITE HEART CONFETTI IN TUBE,963
CHILDRENS CUTLERY CIRCUS PARADE,962
WALL ART BIG LOVE ,960
WALL ART KEEP CALM ,958
DANISH ROSE DECORATIVE PLATE,951
ASSORTED MINI MADRAS NOTEBOOK,948
ENGLISH ROSE SPIRIT LEVEL ,948
ENVELOPE 50 BLOSSOM IMAGES,947
POTTING SHED TWINE,946
HEART SHAPED HOLLY WREATH,942
FUNKY WASHING UP GLOVES ASSORTED,941
RED RETROSPOT BUTTER DISH,936
RED LOVE HEART SHAPE CUP,935
DRAWER KNOB CERAMIC BLACK,935
DANISH ROSE DELUXE COASTER,935
RIDGED GLASS FINGER BOWL,934
REINDEER HEART DECORATION GOLD,929
HEART T-LIGHT HOLDER WILLIE WINKIE,928
TRADTIONAL ALPHABET STAMP SET,926
GAOLERS KEYS DECORATIVE GARDEN ,926
CLASSIC METAL BIRDCAGE PLANT HOLDER,925
JIGSAW TREE WITH WATERING CAN,925
LARGE HANGING IVORY & RED WOOD BIRD,925
WHITE BELL HONEYCOMB PAPER ,924
JUMBO BAG CHARLIE AND LOLA TOYS,921
CHILDS GARDEN FORK BLUE ,921
SMALL POLKADOT CHOCOLATE GIFT BAG ,920
DECORATIVE ROSE BATHROOM BOTTLE,920
FELT EGG COSY CHICKEN,920
BOX OF VINTAGE JIGSAW BLOCKS ,918
FRENCH LAUNDRY SIGN BLUE METAL,918
SMALL YELLOW BABUSHKA NOTEBOOK ,917
GOLD MINI TAPE MEASURE ,916
BAKING MOULD CHOCOLATE CUPCAKES,915
SMALL PARISIENNE HEART PHOTO FRAME ,915
SET OF 12 T-LIGHTS VINTAGE DOILY,915
CREAM FELT EASTER EGG BASKET,914
WOOD STAMP SET BEST WISHES,912
FAIRY TALE COTTAGE NIGHT LIGHT,912
MADRAS NOTEBOOK MEDIUM,911
SMALL PINK GLASS SUNDAE DISH,911
SET OF 3 CAKE TINS SKETCHBOOK,908
BLUE DINER WALL CLOCK,907
DOLLY GIRL CHILDRENS EGG CUP,904
WHITE BAMBOO RIBS LAMPSHADE,902
GLITTER CHRISTMAS TREE,902
SET 36 COLOUR PENCILS LOVE LONDON,901
HANGING SPRING FLOWER EGG LARGE,900
SET OF 6 T-LIGHTS SNOWMEN,900
COCKTAIL SWORDS 50 PIECES,899
4 VANILLA BOTANICAL CANDLES,896
36 DOILIES DOLLY GIRL,893
SWEETHEART CAKESTAND 3 TIER,891
EMERGENCY FIRST AID TIN ,890
ROUND CAKE TIN VINTAGE RED,888
BALLOON ART MAKE YOUR OWN FLOWERS,887
ANTIQUE GLASS PEDESTAL BOWL,887
VINTAGE EMBOSSED HEART,886
PARTY PIZZA DISH GREEN POLKADOT,882
GLASS JAR ENGLISH CONFECTIONERY,880
DOORMAT TOPIARY,880
3 WHITE CHOC MORRIS BOXED CANDLES,880
BAKING MOULD EASTER EGG MILK CHOC,876
POPPY'S PLAYHOUSE BATHROOM,876
HEN HOUSE DECORATION,874
FRENCH BLUE METAL DOOR SIGN 2,874
METAL SIGN NEIGHBOURHOOD WITCH ,874
SMALL RED RETROSPOT MUG IN BOX ,873
LARGE POPCORN HOLDER ,873
PASTEL COLOUR HONEYCOMB FAN,873
SINGLE WIRE HOOK IVORY HEART,870
JIGSAW TREE WITH BIRDHOUSE,867
IVORY PAPER CUP CAKE CASES ,866
BAKING MOULD TOFFEE CUP CHOCOLATE,866
SMALL STRIPES CHOCOLATE GIFT BAG ,865
GLASS APOTHECARY BOTTLE TONIC,865
PINK  HEART CONFETTI IN TUBE,864
MAKE YOUR OWN FLOWERPOWER CARD KIT,863
FLOWERS CHANDELIER T-LIGHT HOLDER,863
FRENCH BLUE METAL DOOR SIGN No,859
ROUND STORAGE TIN VINTAGE LEAF,853
BUNNY WOODEN PAINTED WITH BIRD ,851
LARGE PINK GLASS SUNDAE DISH,848
BREAD BIN DINER STYLE IVORY,847
VINTAGE BILLBOARD DRINK ME MUG,845
CHILDS GARDEN FORK PINK,843
FELTCRAFT HAIRBAND RED AND BLUE,842
OPIUM SCENTED VOTIVE CANDLE,840
EGG CUP NATURAL CHICKEN,840
MINI HIGHLIGHTER PENS,840
4 LAVENDER BOTANICAL DINNER CANDLES,839
PINK OWL SOFT TOY,839
MISTLETOE HEART WREATH GREEN,838
CREAM SLICE FLANNEL PINK SPOT ,837
WHITE STITCHED WALL CLOCK,837
MIRROR MOSAIC VOTIVE HOLDER,837
RED PUDDING SPOON,837
GREEN 3 PIECE POLKADOT CUTLERY SET,837
FAMILY PHOTO FRAME CORNICE,836
DECORATIVE CATS BATHROOM BOTTLE,835
ADVENT CALENDAR GINGHAM SACK,834
HOME GARLAND PAINTED ZINC ,833
MAGIC TREE -PAPER FLOWERS,831
JUNGLE POPSICLES ICE LOLLY MOULDS,831
ZINC  HEART T-LIGHT HOLDER,830
MAKE YOUR OWN MONSOON CARD KIT,830
SWEETHEART BIRD HOUSE,829
LARGE CAKE TOWEL CHOCOLATE SPOTS,829
EASTER DECORATION EGG BUNNY ,828
FELTCRAFT HAIRBAND PINK AND PURPLE,828
ICON PLACEMAT POP ART ELVIS,827
I LOVE LONDON BEAKER,827
SET/3 CHRISTMAS DECOUPAGE CANDLES,826
"METAL SIGN,CUPCAKE SINGLE HOOK",826
AIRLINE BAG VINTAGE TOKYO 78,825
CAKE PLATE LOVEBIRD WHITE,824
INFLATABLE POLITICAL GLOBE ,823
PINK HANGING HEART T-LIGHT HOLDER,823
VINTAGE CREAM DOG FOOD CONTAINER,823
T-LIGHT HOLDER SWEETHEART HANGING,822
GIFT BAG PSYCHEDELIC APPLES,822
ROUND SNACK BOXES SET OF 4 SKULLS,821
WALL ART CLASSIC PUDDINGS ,821
WOOD STAMP SET HAPPY BIRTHDAY,820
FELTCRAFT HAIRBANDS PINK AND WHITE ,817
HANGING CHICK GREEN DECORATION,817
CHRISTMAS CARD STACK OF PRESENTS,816
BEADED CRYSTAL HEART GREEN LARGE,816
SET OF 72 SKULL PAPER  DOILIES,815
MAGIC DRAWING SLATE GO TO THE FAIR ,814
VINTAGE BEAD PINK PURSE ,812
SET OF 4 KNICK KNACK TINS POPPIES,812
BLUE VICTORIAN FABRIC OVAL BOX,811
DANISH ROSE ROUND SEWING BOX,811
CHRISTMAS MUSICAL ZINC TREE,811
EMPIRE UNION JACK TV DINNER TRAY,810
RETRO PLASTIC POLKA TRAY,809
MINI  ZINC GARDEN DECORATIONS ,809
RED RETROSPOT TEA CUP AND SAUCER ,807
S/4 PINK FLOWER CANDLES IN BOWL,805
CERAMIC STRAWBERRY MONEY BOX,804
WOODLAND  STICKERS,804
RED STAR CARD HOLDER,801
SET OF 36 DOILIES SPACEBOY DESIGN ,800
GLASS APOTHECARY BOTTLE ELIXIR,798
CINAMMON SET OF 9 T-LIGHTS,798
KIDS RAIN MAC PINK,796
FELTCRAFT HAIRBAND PINK AND BLUE,796
SET OF 4 ROSE BOTANICAL CANDLES,795
HANGING HEN ON NEST DECORATION,794
BAKING MOULD HEART WHITE CHOCOLATE,792
CERAMIC PIRATE CHEST MONEY BANK,791
MINT KITCHEN SCALES,789
"SWISS ROLL TOWEL, CHOCOLATE  SPOTS",788
VINTAGE BELLS GARLAND,784
EGG CUP MILKMAID HEIDI,784
WOODLAND MINI BACKPACK,784
WOOD STAMP SET FLOWERS,782
CHOCOLATE CALCULATOR,779
TRIPLE HOOK ANTIQUE IVORY ROSE,778
BATH BUILDING BLOCK WORD,778
BULL DOG BOTTLE OPENER,778
VINTAGE RED ENAMEL TRIM PLATE,778
CHRISTMAS TREE HANGING GOLD,776
SET OF 6 T-LIGHTS CACTI ,775
LARGE CAKE TOWEL PINK SPOTS,774
BALLOON PUMP WITH 10 BALLOONS,774
BASKET OF FLOWERS SEWING KIT,774
PICNIC BOXES SET OF 3 RETROSPOT ,774
ENCHANTED BIRD COATHANGER 5 HOOK,774
TOAST ITS - I LOVE YOU ,772
RED VICTORIAN FABRIC OVAL BOX,772
ALUMINIUM STAMPED HEART,771
GLASS  BEURRE DISH,770
FRENCH GARDEN SIGN BLUE METAL,769
EDWARDIAN PARASOL PINK,767
HEARTS  STICKERS,766
PARISIENNE JEWELLERY DRAWER ,765
PACK OF 12 STICKY BUNNIES,765
ANTIQUE TALL SWIRLGLASS TRINKET POT,764
T-LIGHT HOLDER HANGING LACE,764
HOME SWEET HOME CUSHION COVER ,763
STORAGE TIN VINTAGE LEAF,762
GROW YOUR OWN PLANT IN A CAN ,762
SET OF 4 NAPKIN CHARMS HEARTS,762
GIFT BAG BIRTHDAY,761
TRIPLE PHOTO FRAME CORNICE ,761
RATTLE SNAKE EGGS,760
JINGLE BELL HEART ANTIQUE GOLD,760
ZINC HEART FLOWER T-LIGHT HOLDER,760
SET 12 LAVENDER  BOTANICAL T-LIGHTS,760
LARGE IVORY HEART WALL ORGANISER,759
200 RED + WHITE BENDY STRAWS,759
UNION STRIPE WITH FRINGE  HAMMOCK,758
CERAMIC CAKE DESIGN SPOTTED PLATE,757
DAIRY MAID TOASTRACK,756
4 PEAR BOTANICAL DINNER CANDLES,755
BALLOONS  WRITING SET ,755
GLASS CLOCHE SMALL,753
DECORATION WOBBLY RABBIT METAL ,753
SMALL MEDINA STAMPED METAL BOWL ,752
TOAST ITS - BEST MUM,751
CREAM SWEETHEART EGG HOLDER,750
FRENCH BLUE METAL DOOR SIGN 3,750
12 IVORY ROSE PEG PLACE SETTINGS,749
STRAWBERRY FAIRY CAKE TEAPOT,748
SET OF 2 CERAMIC CHRISTMAS TREES,748
CHRISTMAS TREE HANGING SILVER ,745
TOADSTOOL MONEY BOX,745
FRENCH BLUE METAL DOOR SIGN 5,743
VINTAGE UNION JACK PENNANT,741
BLOSSOM IMAGES GIFT WRAP SET,739
RETRO MOD TRAY,739
SET OF 4 KNICK KNACK TINS LEAF,739
COFFEE MUG BLUE PAISLEY DESIGN,738
MINI JIGSAW DINOSAUR ,738
ROMANTIC IMAGES GIFT WRAP SET,737
BIRD DECORATION RED RETROSPOT,736
FOLDING BUTTERFLY MIRROR IVORY ,735
SET/4 SKULL BADGES,734
KINGS CHOICE GIANT TUBE MATCHES,731
GARAGE KEY FOB,730
DOORMAT RESPECTABLE HOUSE,729
GOLD MUG BONE CHINA TREE OF LIFE,729
HI TEC ALPINE HAND WARMER,728
CHILDS BREAKFAST SET SPACEBOY ,728
PORCELAIN T-LIGHT HOLDERS ASSORTED,728
ROSE COTTAGE KEEPSAKE BOX ,728
SKULLS SQUARE TISSUE BOX,727
TOYBOX  WRAP ,726
ROSE 1 WICK MORRIS BOXED CANDLE,726
BOTANICAL ROSE GIFT WRAP,725
HANGING FAIRY CAKE DECORATION,724
WHITE WOOD GARDEN PLANT LADDER,723
DOORMAT AIRMAIL ,722
VINTAGE DOILY DELUXE SEWING KIT ,722
FELT FARM ANIMAL RABBIT,722
RED GINGHAM TEDDY BEAR ,722
CERAMIC LOVE HEART MONEY BANK,721
CHERUB HEART DECORATION GOLD,719
GINGHAM HEART  DOORSTOP RED,714
DOLLY GIRL MINI BACKPACK,713
ENAMEL BREAD BIN CREAM,711
SMALL WHITE RETROSPOT MUG IN BOX ,710
WOODEN CROQUET GARDEN SET,709
3 DRAWER ANTIQUE WHITE WOOD CABINET,707
CHILDS GARDEN TROWEL BLUE ,705
LA PALMIERA TILE COASTER,705
VINTAGE CREAM CAT FOOD CONTAINER,703
DOILY THANK YOU CARD,703
PINK LOVE HEART SHAPE CUP,702
ICON MUG REVOLUTIONARY,701
WRAP BAD HAIR DAY,700
RETROSPOT PADDED SEAT CUSHION,700
DOORMAT PEACE ON EARTH BLUE,700
BLACK STITCHED WALL CLOCK,695
WICKER WREATH SMALL,695
BLACK CANDELABRA T-LIGHT HOLDER,694
BLACK TEA TOWEL CLASSIC DESIGN,692
CITRONELLA CANDLE FLOWERPOT,692
WICKER WREATH LARGE,692
SOAP DISH BROCANTE,691
HANGING PHOTO CLIP ROPE LADDER,690
PARTY CONES CANDY TREE DECORATION,690
IVORY HANGING DECORATION  EGG,689
WALL ART STOP FOR TEA ,688
VINTAGE RED MUG,687
WHITE LOVEBIRD LANTERN,687
SET/6 PURPLE BUTTERFLY T-LIGHTS,687
WHITE BROCANTE SOAP DISH,684
COFFEE MUG PINK PAISLEY DESIGN,684
MORE BUTTER METAL SIGN ,684
DINOSAUR PARTY BAG + STICKER SET,684
BELLE JARDINIERE CUSHION COVER,683
DRAWER KNOB CERAMIC RED,679
GLASS CHALICE BLUE SMALL ,678
PLAYING CARDS VINTAGE DOILY ,677
3 RAFFIA RIBBONS VINTAGE CHRISTMAS,676
YELLOW METAL CHICKEN HEART ,676
CHILDRENS TOY COOKING UTENSIL SET,676
BAKING MOULD ROSE MILK CHOCOLATE,673
WOODLAND  HEIGHT CHART STICKERS ,672
PINK METAL CHICKEN HEART ,670
SET/3 VANILLA SCENTED CANDLE IN BOX,669
WHITE TALL PORCELAIN T-LIGHT HOLDER,669
SET OF 6 T-LIGHTS TOADSTOOLS,669
RIBBON REEL SOCKS AND MITTENS,668
SWISS ROLL TOWEL PINK  SPOTS,666
BLUE PAISLEY TISSUE BOX,666
WOODLAND SMALL RED FELT HEART,665
CERAMIC CAKE BOWL + HANGING CAKES,665
PARISIENNE KEY CABINET ,662
MEDIUM CHINESE STYLE SCISSOR,662
WRAP DAISY CARPET ,660
PINK/WHITE CHRISTMAS TREE 60CM,660
ENAMEL WASH BOWL CREAM,659
CHARLIE & LOLA WASTEPAPER BIN BLUE,657
CHILDS BREAKFAST SET DOLLY GIRL ,656
3 TIER CAKE TIN RED AND CREAM,652
CHARLIE + LOLA RED HOT WATER BOTTLE,651
SMALL GLASS SUNDAE DISH CLEAR,648
FRENCH BLUE METAL DOOR SIGN 4,646
ZINC HEART LATTICE T-LIGHT HOLDER,646
ASSORTED TUTTI FRUTTI SMALL PURSE,646
FELTCRAFT GIRL NICOLE KIT,645
BLUE FLOCK GLASS CANDLEHOLDER,644
WALL ART BICYCLE SAFETY,644
BIRDCAGE DECORATION TEALIGHT HOLDER,643
TOY TIDY DOLLY GIRL DESIGN,642
MIRRORED DISCO BALL ,642
ASSORTED CIRCULAR MOBILE,640
PINK STITCHED WALL CLOCK,639
200 BENDY SKULL STRAWS,637
ANGEL DECORATION PAINTED ZINC ,635
5 HOOK HANGER MAGIC TOADSTOOL,631
MINI LADLE LOVE HEART RED ,630
YULETIDE IMAGES GIFT WRAP SET,630
RED PAPER PARASOL,629
DECORATION WHITE CHICK MAGIC GARDEN,629
FRENCH BLUE METAL DOOR SIGN 6,627
HEART STRING MEMO HOLDER HANGING,626
BREAD BIN DINER STYLE RED ,626
SEWING SUSAN 21 NEEDLE SET,626
MAKE YOUR OWN PLAYTIME CARD KIT,624
SET OF 6 HALLOWEEN GHOST T-LIGHTS,624
JIGSAW TOADSTOOLS 3 PIECE,623
"WHITE TEA,COFFEE,SUGAR JARS",622
BLUE/CREAM STRIPE CUSHION COVER ,622
FOLKART CLIP ON STARS,621
METAL MERRY CHRISTMAS WREATH,619
FRENCH BLUE METAL DOOR SIGN 7,618
SMALL PINK MAGIC CHRISTMAS TREE,618
BIRD HOUSE HOT WATER BOTTLE,617
DOORMAT MERRY CHRISTMAS RED ,614
SET OF 6 STRAWBERRY CHOPSTICKS,613
SET OF 4 ENGLISH ROSE PLACEMATS,612
RED TEA TOWEL CLASSIC DESIGN,612
CRYSTAL STUD EARRINGS ASSORTED COL ,612
UNION JACK FLAG PASSPORT COVER ,609
"""""""CHARLIE+LOLA""""""""EXTREMELY BUSY"""""""" SIGN""""""",607
FRENCH FLORAL CUSHION COVER ,605
ENAMEL PINK COFFEE CONTAINER,602
COTTON APRON PANTRY DESIGN,602
CARD HOLDER GINGHAM HEART,602
LAVENDER SCENT CAKE CANDLE,600
SKULLS TAPE,598
CHILDS GARDEN TROWEL PINK,598
WAKE UP COCKEREL TILE COASTER,597
BEADED CHANDELIER T-LIGHT HOLDER,596
CURIOUS IMAGES GIFT WRAP SET,595
SET 6 FOOTBALL CELEBRATION CANDLES,595
LED TEA LIGHTS,595
LETTER HOLDER HOME SWEET HOME,595
FELT TOADSTOOL LARGE,594
SET OF 6 HEART CHOPSTICKS,594
CHILDRENS GARDEN GLOVES BLUE,592
SANDWICH BATH SPONGE,589
SMOKEY GREY COLOUR D.O.F. GLASS,587
HANGING HEART BONHEUR,587
SPACEBOY ROCKET LOLLY MAKERS,587
EGG CUP MILKMAID INGRID,587
DINOSAURS  WRITING SET ,586
TEA TIME KITCHEN APRON,585
BLACK ENCHANTED FOREST PLACEMAT,585
RIBBON REEL FLORA + FAUNA ,585
WOODLAND DESIGN  COTTON TOTE BAG,583
EGG CUP HENRIETTA HEN CREAM ,580
CHRISTMAS LIGHTS 10 SANTAS ,580
"SWISS ROLL TOWEL, PINK  SPOTS",579
CERAMIC PLATE STRAWBERRY DESIGN,578
VINTAGE RED ENAMEL TRIM JUG ,578
SNOWSTORM PHOTO FRAME FRIDGE MAGNET,577
FRENCH BLUE METAL DOOR SIGN 8,575
MISTLETOE HEART WREATH CREAM,575
ZINC FINISH 15CM PLANTER POTS,573
PARTY INVITES DINOSAURS,573
GLITTER CHRISTMAS TREE WITH BELLS,573
ORANGE SCENTED SET/9 T-LIGHTS,573
BISCUIT TIN VINTAGE RED,572
VINTAGE CARAVAN GIFT WRAP,571
RECYCLED ACAPULCO MAT TURQUOISE,571
HANGING WOOD AND FELT BUTTERFLY ,569
RED RETROSPOT OVEN GLOVE DOUBLE,569
DOORMAT CHRISTMAS VILLAGE,568
IVORY GIANT GARDEN THERMOMETER,566
LOCAL CAFE MUG,566
ANTIQUE ALL GLASS CANDLESTICK,565
CHILDS BREAKFAST SET CIRCUS PARADE,565
REGENCY CAKE SLICE,564
ASSORTED EASTER DECORATIONS  BELLS,564
LARGE CAKE STAND  HANGING STRAWBERY,564
SET OF 6 KASHMIR FOLKART BAUBLES,563
WOODLAND BUNNIES LOLLY MAKERS,563
CERAMIC CAKE STAND + HANGING CAKES,561
BAKING MOULD EASTER EGG WHITE CHOC,560
IVORY CHANDELIER T-LIGHT HOLDER,560
EASTER TIN CHICKS PINK DAISY,560
SET OF 10 LANTERNS FAIRY LIGHT STAR,560
EMBROIDERED RIBBON REEL DAISY ,558
SMALLFOLKART BAUBLE CHRISTMAS DEC,558
CHOCOLATE 3 WICK MORRIS BOX CANDLE,557
LANDMARK FRAME CAMDEN TOWN ,557
EMBROIDERED RIBBON REEL SUSIE ,556
CERAMIC BOWL WITH LOVE HEART DESIGN,554
LARGE YELLOW BABUSHKA NOTEBOOK ,554
BLACK CHRISTMAS TREE 60CM,554
OFFICE MUG WARMER PINK,553
BEADED CRYSTAL HEART PINK LARGE,552
PHOTO FRAME 3 CLASSIC HANGING,552
CHRISTMAS GINGHAM HEART,552
PINK/BLUE DISC/MIRROR STRING,551
SAVE THE PLANET COTTON TOTE BAG,549
FRENCH ENAMEL POT W LID,549
FRENCH BLUE METAL DOOR SIGN 0,543
FELT TOADSTOOL  SMALL,542
TRAVEL CARD WALLET VINTAGE ROSE ,541
DOORMAT VINTAGE LEAF,541
IVORY SWEETHEART WIRE LETTER RACK ,541
JIGSAW RABBIT AND BIRDHOUSE,540
ENAMEL WATERING CAN CREAM,539
SKULLS WRITING SET ,538
BRIGHT BLUES RIBBONS ,537
GLASS JAR DAISY FRESH COTTON WOOL,537
CERAMIC BOWL WITH STRAWBERRY DESIGN,537
WOODEN ADVENT CALENDAR RED,536
ZINC HERB GARDEN CONTAINER,535
UNION JACK FLAG LUGGAGE TAG,534
LAVENDER TOILETTE BOTTLE,533
T-LIGHT HOLDER HANGING LOVE BIRD,533
ORIGAMI ROSE INCENSE IN TUBE,532
GUMBALL MAGAZINE RACK,532
IVORY KNITTED MUG COSY ,531
ASSORTED TUTTI FRUTTI  FOB NOTEBOOK,529
PACK OF 6 HANDBAG GIFT BOXES,528
ROSE SCENT CANDLE JEWELLED DRAWER,528
CUT GLASS HEXAGON T-LIGHT HOLDER,528
HOT STUFF HOT WATER BOTTLE,527
EMBROIDERED RIBBON REEL EMILY ,524
SET OF 6 VINTAGE NOTELETS KIT,522
LE JARDIN BOTANIQUE CUSHION COVER,521
DECORATION WOBBLY CHICKEN,521
ASSORTED MONKEY SUCTION CUP HOOK,519
ROSE CARAVAN DOORSTOP,519
BUTTERFLIES STICKERS,519
BIRDHOUSE DECORATION MAGIC GARDEN,518
LAUREL HEART ANTIQUE GOLD,518
SET/6 BEAD COASTERS GAUZE BAG GOLD,518
STOP FOR TEA WALL ART,518
OFFICE MUG WARMER CHOC+BLUE,516
GLASS JAR DIGESTIVE BISCUITS,516
ROUND CAKE TIN VINTAGE GREEN,515
FELT EGG COSY WHITE RABBIT ,514
CHARLIE AND LOLA TABLE TINS,513
VINTAGE BEAD PINK EVENING BAG,513
CAST IRON HOOK GARDEN FORK,513
AFGHAN SLIPPER SOCK PAIR,511
EASTER DECORATION NATURAL CHICK,510
RED RETROSPOT SHOPPING BAG,510
HEART MINI PORTRAIT FRAME,510
ASS DES PHONE SPONGE CRAFT STICKER,509
LARGE ANTIQUE WHITE PHOTO FRAME,507
MIRRORED WALL ART SNOWFLAKES,507
PAPER CHAIN KIT SKULLS ,507
CARDHOLDER HOLLY WREATH METAL,506
MIRROR MOSAIC GOBLET CANDLE HOLDER,506
METAL SIGN HIS DINNER IS SERVED,505
TEATIME GEL PENS ASST,504
DRAWER KNOB VINTAGE GLASS STAR,503
18PC WOODEN CUTLERY SET DISPOSABLE,503
RECTANGULAR SHAPED MIRROR,502
IVORY LOVE BIRD CANDLE,502
S/15 SILVER GLASS BAUBLES IN BAG,502
WELCOME  WOODEN BLOCK LETTERS,502
BLACK KITCHEN SCALES,501
EASTER DECORATION SITTING BUNNY,501
CLASSIC FRENCH STYLE BASKET NATURAL,501
CANDY SPOT EGG WARMER RABBIT,501
PARTY INVITES SPACEMAN,500
OFFICE MUG WARMER POLKADOT,499
BLOSSOM  IMAGES NOTEBOOK SET,498
SALLE DE BAIN HOOK,498
GLASS STAR FROSTED T-LIGHT HOLDER,497
"AIRLINE LOUNGE,METAL SIGN",495
BUNNY WOODEN PAINTED WITH FLOWER ,495
STRAWBERRY RAFFIA FOOD COVER,493
S/4 CACTI CANDLES,493
SET OF 4 FAIRY CAKE PLACEMATS ,491
S/4 IVORY MINI ROSE CANDLE IN BOWL,491
ASSORTED TUTTI FRUTTI MIRROR,490
OWL DOORSTOP,489
3 GARDENIA MORRIS BOXED CANDLES,489
VICTORIAN SEWING BOX MEDIUM,488
BLUE OWL SOFT TOY,488
METAL TUBE CHIME ON BAMBOO,488
SET OF 6 GIRLS CELEBRATION CANDLES,487
SET/4 DAISY MIRROR MAGNETS,486
CHRISTMAS HANGING SNOWFLAKE,486
PAPERWEIGHT VINTAGE COLLAGE,485
BOOM BOX SPEAKER GIRLS,485
EMBROIDERED RIBBON REEL ROSIE,484
BUNNY DECORATION MAGIC GARDEN,483
PARTY INVITES JAZZ HEARTS,483
PHARMACIE FIRST AID TIN,483
PACK 20 ENGLISH ROSE PAPER NAPKINS,481
HOT BATHS SOAP HOLDER,479
BEADED CRYSTAL HEART BLUE  LARGE,478
CALENDAR IN SEASON DESIGN,477
CUBIC MUG PINK POLKADOT,477
POCKET BAG BLUE PAISLEY RED SPOT,477
EASTER BUNNY GARLAND OF FLOWERS,477
TOMATO CHARLIE+LOLA COASTER SET,477
BOTANICAL LAVENDER GIFT WRAP ,475
SET OF 3 BLACK FLYING DUCKS,475
ASS COL CIRCLE MOBILE ,474
GIN AND TONIC DIET METAL SIGN,474
WALL ART DOG LICENCE ,474
BOHEMIAN COLLAGE STATIONERY SET,471
PARISIENNE CURIO CABINET,471
POTTING SHED SEED ENVELOPES,471
4 LILY  BOTANICAL DINNER CANDLES,470
PENCIL CASE LIFE IS BEAUTIFUL,469
METAL SIGN CUPCAKE SINGLE HOOK,469
MIXED NUTS LIGHT GREEN BOWL,469
BEADED PEARL HEART WHITE ON STICK,469
BABUSHKA LIGHTS STRING OF 10,467
TEATIME PUSH DOWN RUBBER,467
MINI JIGSAW LEAP FROG,465
RED RETROSPOT TRADITIONAL TEAPOT ,464
GUMBALL MONOCHROME COAT RACK,463
FRENCH BLUE METAL DOOR SIGN 9,462
SET OF 2 WOODEN MARKET CRATES,462
SET 3 WICKER OVAL BASKETS W LIDS,462
ORANGE TV TRAY TABLE ,461
RECYCLED ACAPULCO MAT GREEN,459
BLUE CALCULATOR RULER,459
SET/12 TAPER CANDLES,459
EMBROIDERED RIBBON REEL SALLY ,458
BICYCLE SAFTEY WALL ART,458
CHILDRENS GARDEN GLOVES PINK,458
BOOZE & WOMEN GREETING CARD ,457
RED ENCHANTED FOREST PLACEMAT,457
CHRISTMAS TREE DECORATION WITH BELL,457
ORIGAMI JASMINE INCENSE/CANDLE SET,455
PINK NEW BAROQUECANDLESTICK CANDLE,455
ASSTD COL BUTTERFLY/CRYSTAL W/CHIME,455
KINGS CHOICE TEA CADDY ,454
CHARLIE + LOLA BISCUITS TINS,453
GLASS JAR MARMALADE ,453
FRENCH PAISLEY CUSHION COVER ,452
SET/4 BIRD MIRROR MAGNETS ,452
HANGING METAL RABBIT DECORATION,452
BOX OF 9 PEBBLE CANDLES,452
"BLACK TEA,COFFEE,SUGAR JARS",451
CANDY SPOT EGG WARMER HARE,451
4 IVORY DINNER CANDLES SILVER FLOCK,450
 SPACEBOY BABY GIFT SET,449
SHELF WITH 4 HOOKS HOME SWEET HOME,448
BLUE TEA TOWEL CLASSIC DESIGN,448
DOLLY HONEYCOMB GARLAND,448
CHARLIE+LOLA PINK HOT WATER BOTTLE,447
URBAN BLACK RIBBONS ,447
DECORATION  BUTTERFLY  MAGIC GARDEN,447
POTTING SHED ROSE CANDLE,445
SWIRLY CIRCULAR RUBBERS IN BAG,445
AIRLINE BAG VINTAGE JET SET RED,445
SET/4 RED MINI ROSE CANDLE IN BOWL,443
LARGE STRIPES CHOCOLATE GIFT BAG,443
RUSTIC MIRROR WITH LACE HEART,443
PARLOUR CERAMIC WALL HOOK,443
HEART SHAPE WIRELESS DOORBELL,443
PING MICROWAVE APRON,442
APRON MODERN VINTAGE COTTON,441
BLUE NEW BAROQUE CANDLESTICK CANDLE,439
A PRETTY THANK YOU CARD,438
HOME SWEET HOME BOTTLE ,437
TV DINNER TRAY VINTAGE PAISLEY,437
PAPER CHAIN KIT LONDON,437
SMALL SKULL WINDMILL,437
GREEN METAL BOX ARMY SUPPLIES,437
PINK  HONEYCOMB PAPER FAN,436
BIRTHDAY PARTY CORDON BARRIER TAPE,436
PINK DOG BOWL,436
LANDMARK FRAME COVENT GARDEN ,435
PANTRY APPLE CORER,435
RECYCLED ACAPULCO MAT RED,435
ENAMEL COLANDER CREAM,434
FOOT STOOL HOME SWEET HOME ,434
RED HEARTS LIGHT CHAIN ,434
SET/6 FROG PRINCE T-LIGHT CANDLES,434
HOME SWEET HOME KEY HOLDER,434
BISCUIT TIN VINTAGE GREEN,433
BLACK PIRATE TREASURE CHEST,432
HOT WATER BOTTLE SEX BOMB,432
CAT BOWL VINTAGE CREAM,431
FAIRY CAKE BIRTHDAY CANDLE SET,428
BLUE GLASS GEMS IN BAG,427
BLUE COAT RACK PARIS FASHION,427
BLUE GIANT GARDEN THERMOMETER,426
DOORMAT VINTAGE LEAVES DESIGN ,426
CARROT CHARLIE+LOLA COASTER SET,425
VICTORIAN SEWING BOX LARGE,425
BATHROOM METAL SIGN ,424
PSYCHEDELIC TILE COASTER,423
ROSE FOLKART HEART DECORATIONS,423
PINK PAPER PARASOL ,422
ENGLISH ROSE SCENTED HANGING FLOWER,422
FANNY'S REST STOPMETAL SIGN,421
PAPER BUNTING VINTAGE PARTY,420
LANDMARK FRAME NOTTING HILL ,419
DOLLY GIRL BABY GIFT SET,419
LANDMARK FRAME OXFORD STREET,419
DAISIES  HONEYCOMB GARLAND ,419
SET OF 6 CAKE CHOPSTICKS,417
PINK  HONEYCOMB PAPER BALL ,417
CREAM WALL PLANTER HEART SHAPED,416
SMALL BONNE JAM JAR  T-LIGHT HOLDER,416
PEARLISED IVORY HEART LARGE ,415
RED/CREAM STRIPE CUSHION COVER ,414
WHITE CHRISTMAS STAR DECORATION,414
BUNNY EGG GARLAND,413
PARTY INVITES FOOTBALL,412
FAIRY CAKE DESIGN UMBRELLA,411
LANDMARK FRAME LONDON BRIDGE ,410
RAIN PONCHO ,410
FELT EGG COSY BLUE RABBIT ,410
GINGHAM RECIPE BOOK BOX,409
ROMANTIC IMAGES NOTEBOOK SET,409
RUSTIC STRAWBERRY JAM POT SMALL,408
BLUE ROSE FABRIC MIRROR,408
DOG LICENCE WALL ART,408
SET 10 LIGHTS NIGHT OWL,407
SINGLE WIRE HOOK PINK HEART,406
EGG FRYING PAN RED ,405
6PC WOOD PLATE SET DISPOSABLE,405
EASTER TIN BUCKET,405
LOVE GARLAND PAINTED ZINC ,405
LAUREL STAR ANTIQUE SILVER ,404
COLUMBIAN CANDLE ROUND,404
UNION STRIPE CUSHION COVER ,403
PARTY CONES CARNIVAL ASSORTED,402
TUMBLER BAROQUE,402
POTTING SHED CANDLE CITRONELLA,402
CHARLOTTE BAG ALPHABET  DESIGN,400
ENGLISH ROSE NOTEBOOK A6 SIZE,398
FRENCH LATTICE CUSHION COVER ,396
FIVE HEART HANGING DECORATION,396
GREEN GIANT GARDEN THERMOMETER,395
LARGE WHITE HONEYCOMB PAPER BELL  ,394
IVORY ENCHANTED FOREST PLACEMAT,393
IVORY PILLAR CANDLE SILVER FLOCK,393
SET OF 3 COLOURED  FLYING DUCKS,393
12 RED ROSE PEG PLACE SETTINGS,392
POSTE FRANCE CUSHION COVER,392
SMALL LICORICE DES PINK BOWL,391
VINTAGE CHRISTMAS TABLECLOTH,391
BIRD DECORATION GREEN POLKADOT,390
MEASURING TAPE BABUSHKA PINK,388
SET 10 NIGHT OWL LIGHTS,388
ENAMEL PINK TEA CONTAINER,388
SEASIDE FLYING DISC,387
MINI JIGSAW GO TO THE FAIR,386
GREEN BIRDHOUSE DECORATION,386
VILLAGE SHOW WALL ART,386
VINTAGE CREAM 3 BASKET CAKE STAND,385
UNION FLAG WINDSOCK,385
ORIGAMI ROSE INCENSE/CANDLE SET ,385
CHOC TRUFFLE GOLD TRINKET POT ,385
RETROSPOT CANDLE  SMALL,384
RIDGED GLASS T-LIGHT HOLDER,384
FELT FARM ANIMAL HEN,384
FRYING PAN RED RETROSPOT,382
DECORATION  PINK CHICK MAGIC GARDEN,382
SILVER FABRIC MIRROR,381
FOLK ART METAL STAR T-LIGHT HOLDER,381
BLUE BIRDHOUSE DECORATION,376
CAST IRON HOOK GARDEN TROWEL,375
WRAP CAROUSEL,375
WRAP RED DOILEY,375
CARDHOLDER GINGHAM CHRISTMAS TREE,374
BABY BOOM RIBBONS ,374
LAUREL STAR ANTIQUE GOLD,372
PANDA AND BUNNIES STICKER SHEET,372
CHILDS GARDEN BRUSH PINK,370
WOODEN ADVENT CALENDAR CREAM,369
ANTIQUE SILVER BAUBLE LAMP  ,369
ALPHABET HEARTS STICKER SHEET,367
ORIGAMI SANDLEWOOD INCENSE/CAND SET,365
ROUND PURPLE CLOCK WITH SUCKER,365
SNOWFLAKE PORTABLE TABLE LIGHT ,365
SILK PURSE BABUSHKA PINK,364
MINT DINER WALL CLOCK,363
BOTANICAL LAVENDER BIRTHDAY CARD,363
3 TIER CAKE TIN GREEN AND CREAM,362
SET OF 4 PISTACHIO LOVEBIRD COASTER,362
ORIGAMI LAVENDER INCENSE/CANDL SET ,362
CHARLIE+LOLA MY ROOM DOOR SIGN,362
BOTANICAL LILY GREETING CARD,361
BLUE POLKADOT WASHING UP GLOVES,360
CHRISTMAS CARD SINGING ANGEL,360
NOVELTY BISCUITS CAKE STAND 3 TIER,360
LARGE WHITE/PINK ROSE ART FLOWER,360
TV DINNER TRAY AIR HOSTESS ,359
 I LOVE LONDON MINI BACKPACK,359
EGG FRYING PAN IVORY ,358
VINTAGE UNION JACK CUSHION COVER,358
SET/4 WHITE RETRO STORAGE CUBES ,357
EMBROIDERED RIBBON REEL RACHEL ,357
PARTY INVITES BALLOON GIRL,356
ASSORTED SHAPES PHOTO CLIP SILVER ,355
"ART LIGHTS,FUNK MONKEY",355
SET/6 PINK BIRD T-LIGHT CANDLES,355
COSMETIC BAG VINTAGE ROSE PAISLEY,355
DOG BOWL VINTAGE CREAM,354
CHOCOLATE 1 WICK MORRIS BOX CANDLE,352
BLUE STONES ON WIRE FOR CANDLE,352
TREE T-LIGHT HOLDER WILLIE WINKIE,352
HEART MIRROR ANTIQUE WHITE,351
RETROSPOT CANDLE  MEDIUM,350
BLUE FELT EASTER EGG BASKET,350
DRAGONS BLOOD INCENSE,349
FELTCRAFT BOY JEAN-PAUL KIT,349
GLASS JAR PEACOCK BATH SALTS,349
MIRRORED WALL ART STARS,348
PAISLEY PARK CARD,348
SET/3 OCEAN SCENT CANDLE JEWEL BOX,348
EGG CUP MILKMAID HELGA ,348
PAPER LANTERN 9 POINT DELUXE STAR,347
LANDMARK FRAME BAKER STREET ,347
STANDING FAIRY POLE SUPPORT ,346
SMALL HAMMERED SILVER CANDLEPOT ,346
MONEY BOX POCKET MONEY DESIGN,345
RETRO PLASTIC 70'S TRAY,343
DOORMAT WELCOME SUNRISE,343
PEACE WOODEN BLOCK LETTERS,342
TEA FOR ONE POLKADOT,341
RED RETROSPOT PURSE ,340
SET/3 ROSE CANDLE IN JEWELLED BOX,339
TEA TIME TEAPOT IN GIFT BOX,338
JASMINE VOTIVE CANDLE,338
POMPOM CURTAIN,337
FLOWER VINE RAFFIA FOOD COVER,336
BOTANICAL ROSE GREETING CARD,336
CHERRY BLOSSOM  DECORATIVE FLASK,336
EAU DE NIL LOVE BIRD CANDLE,336
"DECOUPAGE,GREETING CARD,",336
RECYCLED ACAPULCO MAT BLUE,335
WALL ART 70'S ALPHABET ,334
SET OF 4 BLACK LOVEBIRD COASTERS,334
MOUSE TOY WITH PINK T-SHIRT,334
LOVE HEART SOCK HANGER,333
CHILDS GARDEN BRUSH BLUE,333
MEASURING TAPE BABUSHKA BLUE,333
NOEL WOODEN BLOCK LETTERS ,332
CLASSIC FRENCH STYLE BASKET GREEN ,331
VINTAGE BEAD PINK SCARF ,330
CAKE STAND WHITE TWO TIER LACE,330
FUNKY MONKEY GIFT BAG MEDIUM,329
GLASS CLOCHE LARGE,329
PAPERWEIGHT SAVE THE PLANET,329
TEA TIME DES TEA COSY,328
WHITE BELL HONEYCOMB PAPER GARLAND ,328
DOORMAT I LOVE LONDON,327
RED RETROSPOT LUGGAGE TAG,327
RED COAT RACK PARIS FASHION,327
T-LIGHT HOLDER WHITE LACE,327
TOAST ITS - HAPPY BIRTHDAY,327
WALL ART VINTAGE HEART,326
MARIE ANTOINETTE TRINKET BOX SILVER,326
HOME SWEET HOME HOOK,326
RED RETROSPOT PUDDING BOWL,326
FRYING PAN PINK POLKADOT,326
SUMMER FUN DESIGN SHOWER CAP,325
CRYSTAL STUD EARRINGS CLEAR DISPLAY,324
WHITE HEARTS WIRE PLANT POT HOLDER,324
S/12 MINI RABBIT EASTER,324
KINGS CHOICE BISCUIT TIN,324
SET/4 BADGES BALLOON GIRL,323
CARDHOLDER GINGHAM STAR,323
12 DAISY PEGS IN WOOD BOX,322
WALL ART BUFFALO BILL ,321
DAIRY MAID LARGE MILK JUG,321
SET OF 6 T-LIGHTS EASTER CHICKS,320
CARD HOLDER LOVE BIRD SMALL,320
HAWAIIAN GRASS SKIRT ,319
MONEY BOX KINGS CHOICE DESIGN,319
DOLLY GIRL WALL ART,318
RECYCLED ACAPULCO MAT PINK,318
PAINTED PINK RABBIT ,317
FRENCH STYLE STORAGE JAR JAM,317
DRAWER KNOB VINTAGE GLASS BALL,317
SILVER PLATE CANDLE BOWL SMALL,316
ROSE SCENT CANDLE IN JEWELLED BOX,315
CAKE PLATE LOVEBIRD PINK,315
OVAL  MINI PORTRAIT FRAME,315
PARTY FOOD SHOPPER BAG,314
MARIE ANTOINETTE TRINKET BOX GOLD,312
EMBROIDERED RIBBON REEL REBECCA ,312
EIGHT PIECE SNAKE  SET,311
WALL ART DOLLY GIRL ,311
EUCALYPTUS & PINECONE  WREATH,311
MILK PAN RED RETROSPOT,310
PHOTO FRAME LINEN AND LACE SMALL,310
JAM CLOCK MAGNET,309
CAKE STAND 3 TIER MAGIC GARDEN,308
PINK HEART SHAPE PHOTO FRAME,307
BLUE PAPER PARASOL ,307
FRAPPUCINO SCARF KNITTING KIT,307
SPACEBOY WALL ART,306
VINTAGE SEASIDE JIGSAW PUZZLES,305
75 GREEN PETIT FOUR CASES,305
SET OF 4 KNICK KNACK TINS LEAVES ,304
CLOCK MAGNET MUM'S KITCHEN,304
TOAST ITS - FAIRY FLOWER,303
WOODEN SKITTLES GARDEN SET,303
SMALL REGAL  SILVER CANDLEPOT ,303
VINTAGE UNION JACK APRON,303
EAU DE NILE HEART SHAPE PHOTO FRAME,303
RED RETROSPOT APRON ,302
BREAD BIN DINER STYLE MINT,302
GREEN METAL SWINGING BUNNY,302
WHITE WIRE EGG HOLDER,301
LOVELY BONBON STICKER SHEET,301
BREAD BIN DINER STYLE PINK,301
4 WILDFLOWER BOTANICAL CANDLES,301
SWEETHEART WIRE MAGAZINE RACK,300
SET OF 6 FUNKY BEAKERS,300
RETROSPOT LAMP,299
RED RETROSPOT STORAGE JAR,298
PORCELAIN ROSE LARGE ,298
MEDIUM MEDINA STAMPED METAL BOWL ,297
EAU DE NILE JEWELLED PHOTOFRAME,297
WOODLAND SMALL BLUE FELT HEART,297
CLASSIC FRENCH STYLE BASKET BROWN,296
HANGING WOOD AND FELT HEART,296
PARTY CONES CANDY DECORATION,296
WHITE CANDYSTUFT ARTIFICIAL FLOWER,296
PARISIENNE SEWING BOX,296
PSYCHEDELIC TILE HOOK,295
ANTIQUE GLASS HEART DECORATION ,295
BOX OF 6 ASSORTED COLOUR TEASPOONS,295
3D HEARTS  HONEYCOMB PAPER GARLAND,294
MIRRORED WALL ART SKULLS,294
HENRIETTA HEN MUG ,293
TEA COSY RED  STRIPE,292
GROW YOUR OWN FLOWERS SET OF 3,292
SET OF 36 DINOSAUR PAPER DOILIES,292
EASTER TIN CHICKS IN GARDEN,292
GROOVY CACTUS INFLATABLE,291
COFFEE SCENT PILLAR CANDLE,291
EMBROIDERED RIBBON REEL SOPHIE  ,291
TABLECLOTH RED APPLES DESIGN ,291
PIZZA PLATE IN BOX,291
BLUE PAISLEY POCKET BOOK,291
TV DINNER TRAY DOLLY GIRL,291
3D DOG PICTURE PLAYING CARDS,290
FRENCH ENAMEL WATER BASIN,290
COCKLE SHELL DISH,289
GLITTER HEART GARLAND WITH BELLS ,288
SET/5 RED SPOTTY LID GLASS BOWLS,288
DRAWER KNOB VINTAGE GLASS HEXAGON,287
MIRROR MOSAIC HURRICANE LAMP ,286
ANT WHITE WIRE HEART SPIRAL,286
CIRCUS PARADE BABY GIFT SET,285
FELT FARM ANIMAL SHEEP,283
DECORATIVE FLORE BATHROOM BOTTLE,283
PINK DINER WALL CLOCK,281
WOODLAND SMALL PINK FELT HEART,280
ASS COLOUR GLOWING TIARAS,279
WOODLAND LARGE PINK FELT HEART,278
SKULL DESIGN TV DINNER TRAY,278
SMALL SILVER FLOWER CANDLE POT,277
MIDNIGHT GLAMOUR SCARF KNITTING KIT,277
SILVER APERITIF GLASS,276
ZINC HEARTS PLANT POT HOLDER,275
MIRRORED WALL ART POPPIES,275
STAR PORTABLE TABLE LIGHT ,274
HANGING ENGRAVED METAL HEART,274
SWEETIES  STICKERS,274
3D SHEET OF DOG STICKERS,272
SILVER RECORD COVER FRAME,272
"DECORATION , WOBBLY RABBIT , METAL ",272
PURPLE PAPER PARASOL,271
PAINTED YELLOW WOODEN DAISY,271
CAT AND BIRD WALL ART,270
TREASURE AHOY WALL ART,270
ORIGAMI VANILLA INCENSE/CANDLE SET ,270
YELLOW COAT RACK PARIS FASHION,270
MADRAS NOTEBOOK LARGE ,270
HEN HOUSE W CHICK STANDING,270
KEEP CALM WALL ART ,269
SQUARE MINI PORTRAIT FRAME,268
PACK 6 HEART/ICE-CREAM PATCHES,268
APRON APPLE DELIGHT,267
SET OF 3 BABUSHKA STACKING TINS,267
RED FLOWER CROCHET FOOD COVER,267
"DIAMANTE HEART SHAPED WALL MIRROR, ",267
ANTIQUE HEART SHELF UNIT,267
ANIMALS AND NATURE WALL ART,267
MOCK LOBSTER FRIDGE MAGNET,266
RECYCLED ACAPULCO MAT LAVENDER,266
"ACRYLIC HANGING JEWEL,BLUE",266
MAGIC GARDEN FELT GARLAND ,266
WHITE GOOSE FEATHER CHRISTMAS TREE ,265
BANK ACCOUNT  GREETING  CARD ,265
BLUE POT PLANT CANDLE ,263
RAINBOW PEGS PHOTO CLIP STRING,262
GLITTER CHRISTMAS HEART ,262
PINK UNION JACK  LUGGAGE TAG,261
"ACRYLIC JEWEL ICICLE, PINK",261
RUSTIC STRAWBERRY JAM POT LARGE ,261
CHILDS GARDEN SPADE BLUE,260
GRASS HOPPER WOODEN WALL CLOCK ,260
GARDENIA 3 WICK MORRIS BOXED CANDLE,260
RIDGED BONNE JAM JAR T-LIGHT HOLDER,260
BOTANICAL GARDENS WALL CLOCK ,259
PAPERWEIGHT CHILDHOOD MEMORIES,259
"TRAY, BREAKFAST IN BED",259
DANISH ROSE TRINKET TRAYS,259
BAKING MOULD ROSE WHITE CHOCOLATE,258
HANGING BAUBLE T-LIGHT HOLDER SMALL,258
FELT FARM ANIMAL CHICKEN,257
HORSE & PONY WALL ART,256
6 EGG HOUSE PAINTED WOOD,256
GREY FLORAL FELTCRAFT SHOULDER BAG,256
FELT EGG COSY LADYBIRD ,255
SET OF 4 NAPKIN CHARMS CROWNS ,255
HOME SWEET HOME 3 PEG HANGER ,255
RETROSPOT CANDLE  LARGE,255
WHITE GOOSE FEATHER TREE 60CM ,254
LARGE BONNE JAM JAR  T-LIGHT HOLDER,254
STRIPEY CHOCOLATE NESTING BOXES,253
DOORMAT NEIGHBOURHOOD WITCH ,253
WASH BAG VINTAGE ROSE PAISLEY,253
SET OF 4 NAPKIN CHARMS STARS   ,253
DOLLY MIXTURE CHILDREN'S UMBRELLA,252
SET/6 EAU DE NIL BIRD T-LIGHTS,252
BELL HEART DECORATION,252
RETRO PLASTIC DAISY TRAY,252
DOG AND BALL WALL ART,252
YELLOW GIANT GARDEN THERMOMETER,251
GARLAND WITH STARS AND BELLS,250
AIRLINE BAG VINTAGE JET SET BROWN,250
BOTANICAL LILY GIFT WRAP,250
POLKA DOT RAFFIA FOOD COVER,250
WHITE/PINK CHICK DECORATION,249
SET OF 2 TRAYS HOME SWEET HOME,248
ZINC SWEETHEART WIRE LETTER RACK,248
PAPER BUNTING PAISLEY PARK,246
TOADSTOOL BEDSIDE LIGHT ,246
PAPER LANTERN 9 POINT SNOW STAR,246
LARGE DECO JEWELLERY STAND,246
BUFFALO BILL WALL ART ,246
RETROSPOT BABUSHKA DOORSTOP,245
SPACEBOY TV DINNER TRAY,244
DISCO BALL ROTATOR BATTERY OPERATED,244
HEART BEADED TRELLIS DECORATION,244
SET OF 6 RIBBONS PERFECTLY PRETTY  ,243
OVERNIGHT BAG VINTAGE ROSE PAISLEY,243
SET OF 6 T-LIGHTS WEDDING CAKE ,243
MULTICOLOUR  CONFETTI IN TUBE,243
MINI LADLE LOVE HEART PINK,242
SET OF 2 ROUND TINS DUTCH CHEESE,242
PACK 20 DOLLY PEGS,242
SET OF 2 ROUND TINS CAMEMBERT ,241
SET 3 WICKER STORAGE BASKETS ,241
CUT GLASS T-LIGHT HOLDER OCTAGON,241
PINK HORSE SOCK PUPPET,240
MISELTOE HEART WREATH CREAM,240
WHITE HANGING BEADS CANDLE HOLDER,238
STORAGE TIN HOME SWEET HOME,237
CHILDS GARDEN SPADE PINK,237
HOME SWEET HOME 2 DRAWER CABINET,235
"RETRO PILL BOX KEY CHAIN,THE KING",235
RED REFECTORY CLOCK ,235
SET OF 2 TINS JARDIN DE PROVENCE,235
PAPER LANTERN 9 POINT SNOW STAR ,234
BROWN CHECK CAT DOORSTOP ,233
ASSORTED TUTTI FRUTTI NOTEBOOK,233
KITTENS DESIGN FLANNEL,232
FAIRY SOAP SOAP HOLDER,232
PINK LOVE BIRD CANDLE,232
SET/6 GREEN SPRING PAPER CUPS,231
PINK ENAMEL+GLASS HAIR COMB,231
BLUE POLKADOT PASSPORT COVER,231
SAVOY ART DECO CLOCK,231
LARGE CAKE STAND HANGING HEARTS,231
MULTI HEARTS  STICKERS,231
SET/4 BADGES DOGS,229
WALL ART LOVES' SECRET ,229
SMALL DECO JEWELLERY STAND,229
FROSTED WHITE BASE ,229
MEASURING TAPE BABUSHKA RED,228
FOLDING UMBRELLA RED/WHITE POLKADOT,228
BLUE POLKADOT KIDS BAG,228
WOODEN REGATTA BUNTING,228
STOOL HOME SWEET HOME ,227
"DECORATION , WOBBLY CHICKEN, METAL ",227
WALL ART VILLAGE SHOW ,227
WOODLAND STORAGE BOX LARGE ,227
VINTAGE JINGLE BELLS HEART,226
PACK OF 6 PANETTONE GIFT BOXES,226
LOVE POTION MASALA INCENSE,225
STRAWBERRIES  DESIGN FLANNEL ,225
GLITTER STAR GARLAND WITH BELLS ,223
MONEY BOX HOUSEKEEPING DESIGN,223
PINK STOCKING CHRISTMAS DECORATION,222
SWEETHEART 3 TIER CAKE STAND ,222
S/4 BLACK MINI ROSE CANDLE IN BOWL,222
S/12 VANILLA  BOTANICAL T-LIGHTS,221
EMBOSSED HEART TRINKET BOX,221
50CM METAL STRING WITH  7 CLIPS,221
ENAMEL FIRE BUCKET CREAM,221
AIRLINE BAG VINTAGE WORLD CHAMPION ,221
SPOTTY PINK DUCK DOORSTOP,221
CINDERELLA CHANDELIER ,220
SPRIG LAVENDER ARTIFICIAL FLOWER,220
SMALL SILVER TRELLIS CANDLEPOT,220
CARD HOLDER LOVE BIRD LARGE ,220
PINK UNION JACK  PASSPORT COVER ,220
JARDIN ETCHED GLASS CHEESE DISH,219
VINTAGE UNION JACK SHOPPING BAG,219
EMBROIDERED RIBBON REEL CLAIRE,219
GARDEN PATH JOURNAL,218
BROWN  PIRATE TREASURE CHEST ,218
PEARLISED IVORY HEART SMALL ,217
JOY WOODEN BLOCK LETTERS,217
 TRELLIS COAT RACK,217
GARLAND WITH HEARTS AND BELLS,217
MONEY BOX BISCUITS DESIGN,216
CHRISTMAS HANGING HEART WITH BELL,216
3D SHEET OF CAT STICKERS,216
CLASSIC SUGAR DISPENSER,216
CHERRY CROCHET FOOD COVER,215
ASSORTED TUTTI FRUTTI HEART BOX,215
BLUE PAISLEY JOURNAL ,214
12 PINK ROSE PEG PLACE SETTINGS,214
WOODLAND STORAGE BOX SMALL,213
CAKE STAND LOVEBIRD 2 TIER WHITE,213
SWEETHEART WIRE WALL TIDY,213
HAND TOWEL PALE BLUE W FLOWERS,212
ANGEL DECORATION WITH LACE PADDED,212
FLOWERS  STICKERS,211
MR ROBOT SOFT TOY,211
ROUND BLUE CLOCK WITH SUCKER,211
TWO DOOR CURIO CABINET,210
WALL ART GARDEN HAVEN ,210
HAPPY EASTER HANGING DECORATION,210
16 PIECE CUTLERY SET PANTRY DESIGN,210
I LOVE LONDON BABY GIFT SET,209
BLACK CHRISTMAS TREE 120CM,209
WALL ART HORSE & PONY ,209
MULTICOLOUR 3D BALLS GARLAND,209
GINGHAM BABUSHKA DOORSTOP,209
PHOTO FRAME LINEN AND LACE LARGE,208
CUPID DESIGN SCENTED CANDLES,208
HOME SMALL WOOD LETTERS,207
MULTICOLOUR RABBIT EGG WARMER,205
WALL ART WORK REST AND PLAY  ,205
BROCANTE COAT RACK,205
CREAM SWEETHEART LETTER RACK,205
MILK MAIDS MUG ,204
PHOTO CLIP LINE,204
CAKE STAND VICTORIAN FILIGREE SMALL,204
VINTAGE UNION JACK DOORSTOP,203
SEWING BOX RETROSPOT DESIGN ,203
CLAM SHELL SMALL ,202
IVORY REFECTORY CLOCK,202
PANTRY 3 HOOK ROLLING PIN HANGER,202
PINK POLKADOT PLATE ,202
SET/4 BADGES CUTE CREATURES,201
GREEN HEART COMPACT MIRROR,201
BLACK LOVE BIRD CANDLE,201
VINTAGE RED TEATIME MUG,201
SILK PURSE BABUSHKA RED,201
LUNCH BAG RED SPOTTY,200
WRAP FOLK ART,200
TRANQUILITY MASALA INCENSE,200
HAND TOWEL PINK FLOWER AND DAISY,199
EGG FRYING PAN PINK ,199
GARDENIA 1 WICK MORRIS BOXED CANDLE,199
WOODLAND LARGE RED FELT HEART,198
RETRO LONGBOARD IRONING BOARD COVER,198
STRIPY DESIGN SHOWER CAP,197
SWEETHEART WIRE FRUIT BOWL,197
PINK HEARTS LIGHT CHAIN ,196
SILVER GLASS T-LIGHT SET,196
PANTRY HOOK BALLOON WHISK ,196
SMOKEY GREY COLOUR GLASS,196
ASSORTED COLOUR SUCTION CUP HOOK,196
COSY HOUR GIANT TUBE MATCHES,195
RED HEART LUGGAGE TAG,195
FELTCRAFT DOLL MARIA,194
SET/4 BADGES BEETLES,194
PORCELAIN BUTTERFLY OIL BURNER,193
CANDLE HOLDER SILVER MADELINE,193
PINK FLOWER CROCHET FOOD COVER,193
ICE CREAM DESIGN GARDEN PARASOL,193
CREAM SLICE FLANNEL CHOCOLATE SPOT ,193
FUNKY MONKEY CUSHION COVER,193
DOGGY RUBBER,192
LARGE ROUND WICKER PLATTER ,192
T-LIGHT HOLDER SILVER HEART HANDLE,192
"NURSERY A,B,C PAINTED LETTERS",192
SET OF 3 PANTRY WOODEN SPOONS,192
ENGLISH ROSE SMALL SCENTED FLOWER,192
PACK 3 IRON ON DOG PATCHES,191
AIRLINE BAG VINTAGE JET SET WHITE,191
KEY CABINET MA CAMPAGNE,190
MAGAZINE RACK GEBRA ASSORTED ,190
PINK POT PLANT CANDLE,189
CANDY SPOT HAND BAG,188
"RETRO PILL BOX , REVOLUTIONARY",188
PIN CUSHION BABUSHKA RED,187
CLASSICAL ROSE CANDLESTAND,187
PINK ROSE FABRIC MIRROR,187
DOOR HANGER  MUM + DADS ROOM,187
EGG CUP HENRIETTA HEN PINK,187
PINK AND WHITE CHRISTMAS TREE 120CM,186
GLASS CHALICE GREEN  LARGE ,186
FLYING PIG WATERING CAN,186
SET OF 4 NAPKIN CHARMS 3 KEYS ,185
BULL DOG BOTTLE TOP WALL CLOCK,185
PINK RIVIERA HANDBAG,185
SNACK TRAY RED VINTAGE DOILY,185
BUNNY EGG BOX,183
BIRDS MOBILE VINTAGE DESIGN,183
SET OF 4 NAPKIN CHARMS LEAVES   ,183
SILK PURSE BABUSHKA BLUE,183
T-LIGHT HOLDER SILVER PETIT FOUR ,182
CURIOUS  IMAGES NOTEBOOK SET,181
FOLKART HEART NAPKIN RINGS,181
TEA TIME TABLE CLOTH,180
ENCHANTED BIRD PLANT CAGE,180
"GREETING CARD, OVERCROWDED POOL.",180
CHILDS GARDEN RAKE PINK,179
CHERRY BLOSSOM DECORATIVE FLASK,179
ADULT APRON APPLE DELIGHT,179
SET/6 BLACK BIRD T-LIGHT CANDLES,179
MOTHER'S KITCHEN SPOON REST ,178
WHITE CHRISTMAS GARLAND STARS TREES,178
SET OF 2 TINS VINTAGE BATHROOM ,177
PACK 3 BOXES BIRD PANETTONE ,177
LARGE MEDINA STAMPED METAL BOWL ,177
LETS GO SHOPPING COTTON TOTE BAG,177
POCKET BAG PINK PAISELY BROWN SPOT,176
DAIRY MAID TRADITIONAL TEAPOT ,176
COLUMBIAN CANDLE RECTANGLE,175
RED RETROSPOT BIG BOWL,175
CANDY SHOP  STICKER SHEET,175
SET/3 DECOUPAGE STACKING TINS,174
DOORKNOB CRACKED GLAZE IVORY,174
DOCTOR'S BAG SOFT TOY,174
CHARLIE+LOLA RED HOT WATER BOTTLE ,173
BLUE DAISY MOBILE,172
SMALL POP BOX FUNKY MONKEY,172
LAVENDER INCENSE IN TIN,171
FIVE CATS HANGING DECORATION,171
BOOM BOX SPEAKER BOYS,171
WHITE HAND TOWEL WITH BUTTERFLY,170
CHILDS GARDEN RAKE BLUE,170
FRENCH PAISLEY CUSHION COVER,170
GOLD PHOTO FRAME,169
EGG FRYING PAN MINT ,169
COLUMBIAN CANDLE ROUND ,168
PINK HEARTS PAPER GARLAND,168
PINK CAT BOWL,168
GREEN GOOSE FEATHER CHRISTMAS TREE ,167
SUNSET CHECK HAMMOCK,167
SET OF 6 RIBBONS PARTY,167
IVORY STRING CURTAIN WITH POLE ,166
EMBROIDERED RIBBON REEL RUBY ,165
WHITE HONEYCOMB PAPER GARLAND ,165
BEADED CRYSTAL HEART PINK SMALL,165
DINOSAUR HEIGHT CHART STICKER SET,165
SKULLS  DESIGN  COTTON TOTE BAG,165
GLASS  SONGBIRD STORAGE JAR,165
SNACK TRAY PAISLEY PARK,164
DOG TOY WITH PINK CROCHET SKIRT,164
BLUE PATCH PURSE PINK HEART,164
SMALL PARLOUR PICTURE FRAME,164
WALL ART MID CENTURY MODERN ,164
PAINT YOUR OWN EGGS IN CRATE,164
MIRRORED WALL ART GENTS,163
SET OF 6 RIBBONS COUNTRY STYLE,163
ASSORTED CHEESE FRIDGE MAGNETS,163
DOORKNOB CRACKED GLAZE BLUE,162
3 TRADITIONAL COOKIE CUTTERS  SET,162
"ACRYLIC JEWEL SNOWFLAKE, PINK",162
SKULLS DESIGN FLANNEL,161
BLUE REFECTORY CLOCK ,161
2 PICTURE BOOK EGGS EASTER CHICKS,161
GREEN GOOSE FEATHER TREE 60CM,161
WHITE SOAP RACK WITH 2 BOTTLES,161
PIN CUSHION BABUSHKA PINK,161
GLASS JAR KINGS CHOICE,161
PAPERWEIGHT KINGS CHOICE ,160
CABIN BAG VINTAGE RETROSPOT,160
GOLD WINE GOBLET,160
MIRRORED WALL ART LADIES,160
"GREETING CARD,SQUARE, DOUGHNUTS",160
TRIPLE WIRE HOOK IVORY HEART,160
HEN PARTY CORDON BARRIER TAPE,160
SET/12 FUNKY FELT FLOWER PEG IN BAG,160
CD WALL TIDY RED FLOWERS,160
PANTRY HOOK TEA STRAINER ,159
FUSCHIA FLOWER PURSE WITH BEADS,159
SET OF 36 MUSHROOM PAPER DOILIES,159
2 PICTURE BOOK EGGS EASTER BUNNY,158
BLACK MINI TAPE MEASURE ,158
ABSTRACT CIRCLES POCKET BOOK,158
PINK BUNNY EASTER EGG BASKET,158
"GREETING CARD, STICKY GORDON",157
BLUE BUNNY EASTER EGG BASKET,157
SET OF 4 FAIRY CAKE PLACEMATS,156
WALL ART SPACEBOY,156
HAND OPEN SHAPE GOLD,156
FOLDING MIRROR HOT PINK ,156
HELLO SAILOR BLUE SOAP HOLDER,155
PINK GLASS CANDLEHOLDER,155
HIPPY CHIC DECORATIVE PARASOL,155
RED DAISY POCKET BOOK ,155
BROCANTE SHELF WITH HOOKS,155
CRAZY DAISY HEART DECORATION,155
ORIGAMI VANILLA INCENSE CONES,154
CALENDAR FAMILY FAVOURITES,153
LOLITA  DESIGN  COTTON TOTE BAG,152
GROW YOUR OWN HERBS SET OF 3,152
MOBILE VINTAGE HEARTS ,152
PANTRY HOOK SPATULA,152
SET 4 VALENTINE DECOUPAGE HEART BOX,151
MIRROR MOSAIC CANDLE PLATE,151
SQUARECUSHION COVER PINK UNION JACK,150
70'S ALPHABET WALL ART,150
EGG FRYING PAN BLUE ,150
SNACK TRAY I LOVE LONDON,149
BLUE KNITTED EGG COSY,149
GREEN ROSE WASHBAG,148
WALL ART ANIMALS AND NATURE ,148
BLUE POLKADOT GARDEN PARASOL,148
SMALL CHUNKY GLASS ROMAN  BOWL,148
GIFT BAG LARGE VINTAGE CHRISTMAS,148
EDWARDIAN HEART PHOTO FRAME,147
SET OF 16 VINTAGE ROSE CUTLERY,147
ENAMEL BLUE RIM COFFEE CONTAINER,147
BLUE POLKADOT LUGGAGE TAG ,147
LE GRAND TRAY CHIC SET,147
GLASS CHALICE GREEN  SMALL ,147
PAPERWEIGHT HOME SWEET HOME,146
SILVER ROCOCO CANDLE STICK,146
"BUNTING , SPOTTY ",146
CHEST OF DRAWERS GINGHAM HEART ,146
SET OF 4 DIAMOND NAPKIN RINGS,145
BLACK LOVE BIRD T-LIGHT HOLDER,145
FOLK ART METAL HEART T-LIGHT HOLDER,145
TEA COSY BLUE STRIPE,145
CUPBOARD 3 DRAWER MA CAMPAGNE,145
VINTAGE LEAF CHOPPING BOARD  ,144
RED APPLES CHOPPING BOARD   ,144
TOOL BOX SOFT TOY ,144
WALL ART THE MAGIC FOREST ,144
FAN BLACK FRAME ,143
NUMBER TILE VINTAGE FONT No ,143
CORONA MEXICAN TRAY,143
MRS ROBOT SOFT TOY,143
JUMBO BAG VINTAGE DOILEY ,143
S/4 GROOVY CAT MAGNETS,142
BEADED CRYSTAL HEART GREEN ON STICK,142
HEART T-LIGHT HOLDER,142
TROPICAL PASSPORT COVER ,142
GEORGIAN TRINKET BOX,141
COSY SLIPPER SHOES SMALL GREEN,141
CAMPHOR WOOD PORTOBELLO MUSHROOM,141
SPACE OWL,140
MIRROR LOVE BIRD T-LIGHT HOLDER,140
BATHROOM HOOK,140
DENIM PATCH PURSE PINK BUTTERFLY,140
PINK KNITTED EGG COSY,140
ORGANISER WOOD ANTIQUE WHITE ,139
LOVE HEART NAPKIN BOX ,139
ZINC BOX SIGN HOME,139
PINK SPOTS CHOCOLATE NESTING BOXES ,139
IVORY SWEETHEART SOAP DISH,139
GOLD FABRIC MIRROR,139
CLASSICAL ROSE SMALL VASE,138
"TUMBLER, NEW ENGLAND",138
4 ROSE PINK DINNER CANDLES,138
BLACK ORANGE SQUEEZER,138
FOLDING UMBRELLA CREAM POLKADOT,138
 4 PURPLE FLOCK DINNER CANDLES,138
MA CAMPAGNE CUTLERY BOX,137
BLACK SILOUETTE CANDLE PLATE,137
PINK CANDYSTUFT ARTIFICIAL FLOWER,137
MONEY BOX CONFECTIONERY DESIGN,136
MEDIUM PARLOUR PICTURE FRAME ,136
PINK/PURPLE RETRO RADIO,136
PINK CHICK EGG WARMER + EGG CUP,135
BLUE FLY SWAT,135
SET/4 BLUE FLOWER CANDLES IN BOWL,135
DOORSTOP FOOTBALL DESIGN,134
CHERRY BLOSSOM PASSPORT COVER,134
CARRIAGE,134
WHITE TRAVEL ALARM CLOCK,134
PAPERWEIGHT VINTAGE PAISLEY,134
WHITE AND BLUE CERAMIC OIL BURNER,134
FRENCH CARRIAGE LANTERN,132
COSY SLIPPER SHOES LARGE GREEN,131
UTILTY CABINET WITH HOOKS,131
STAR  T-LIGHT HOLDER ,131
BLUE SCOTTIE DOG W FLOWER PATTERN,131
SPACE BOY CHILDRENS CUP,130
KEEP OUT BOYS DOOR HANGER ,130
GREEN FERN JOURNAL ,130
THREE MINI HANGING FRAMES,129
SMALL TALL CAMPHOR WOOD TOADSTOOL,129
SQUARE CHERRY BLOSSOM CABINET,129
PINK GOOSE FEATHER TREE 60CM,128
GLOW IN DARK DOLPHINS,128
PIG MUG IN TWO COLOUR DESIGNS,128
CUBIC MUG FLOCK BLUE ON BROWN,127
SMALL ROUND CUT GLASS CANDLESTICK,127
PINK PADDED MOBILE,127
MEDIUM WHITE/PINK ROSE ART FLOWER,127
IVORY WIRE SWEETHEART LETTER TRAY,127
VIPPASSPORT COVER ,127
IVORY PILLAR CANDLE GOLD FLOCK,127
ABSTRACT CIRCLES SKETCHBOOK ,126
GREEN ROUND COMPACT MIRROR,126
SET OF 3 GOLD FLYING DUCKS,126
SET/6 POSIES PAPER CUPS,126
RELAX LARGE WOOD LETTERS,126
PINK POLKADOT CHILDRENS UMBRELLA,125
GREEN SQUARE COMPACT MIRROR,125
HANGING GLASS ETCHED TEALIGHT,125
4 PINK DINNER CANDLE SILVER FLOCK,124
BLUE HEART COMPACT MIRROR,124
CAKE STAND LOVEBIRD 2 TIER PINK,124
BUTTERFLY CROCHET FOOD COVER,123
SILVER DISCO HANDBAG,123
PINK FAIRY CAKE CUSHION COVER,123
CHAMBRE HOOK,123
HANGING METAL CHICKEN DECORATION,122
BOX/12 CHICK & EGG IN BASKET,122
WALL MIRROR RECTANGLE DIAMANTE PINK,122
SET 8 CANDLES VINTAGE DOILEY,122
ANTIQUE GLASS PLACE SETTING,122
RUSTIC STRAWBERRY JAMPOT LARGE ,120
 OVAL WALL MIRROR DIAMANTE ,120
FOLDING UMBRELLA BLACKBLUE POLKADOT,120
DOILEY BISCUIT TIN,120
HAND WARMER RED POLKA DOT,120
GYMKHANNA TREASURE BOOK BOX,120
LADYBIRD + BEE RAFFIA FOOD COVER,119
ROSE DU SUD OVEN GLOVE,119
JUNGLE POPSICLES ICE LOLLY HOLDERS,119
CLASSIC GLASS SWEET JAR,119
GREEN BITTY LIGHT CHAIN,119
SET/3 RABBITS FLOWER SKIPPPING ROPE,119
JARDIN ETCHED GLASS FRUITBOWL,119
CUBIC MUG FLOCK PINK ON BROWN,118
WALL ART CAT AND BIRD ,118
HEART TRELLIS TRIPLE T-LIGHT HOLDER,118
GLASS BONNE JAM JAR,117
DOORSTOP RACING CAR DESIGN,117
RIDGED GLASS POSY VASE ,117
FLOWER BLUE CLOCK WITH SUCKER,116
IVORY WIRE KITCHEN ORGANISER,116
PINK FELT EASTER RABBIT GARLAND,116
NINJA RABBIT BLACK,116
2 PICTURE BOOK EGGS EASTER DUCKS,115
BEADED CRYSTAL HEART PINK ON STICK,115
PINK POLKADOT GARDEN PARASOL,115
CANDLE PLATE LACE WHITE,114
IVORY CAFE HANGING LAMP ,114
A4 WALL TIDY BLUE OFFICE,114
DANISH ROSE FOLDING CHAIR,112
RED KUKUI COCONUT SEED NECKLACE,112
WHEELBARROW FOR CHILDREN ,112
SET OF 4 NAPKIN CHARMS INSTRUMENT,112
SPACE CADET RED,111
GARDEN PATH SKETCHBOOK,111
ASSORTED COLOUR METAL CAT ,111
12 EGG HOUSE PAINTED WOOD,111
SNACK TRAY HAPPY FOREST  ,110
CHRISTMAS RETROSPOT HEART WOOD,110
WIRE EGG BASKET ,109
LAVENDER INCENSE 40 CONES IN TIN,109
ASSORTED SANSKRIT MINI NOTEBOOK,109
BLOND DOLL DOORSTOP,109
PINK BERTIE GLASS BEAD BAG CHARM,109
EASTER TREE YELLOW BIRDS,108
SWEETHEART WALL TIDY ,108
RIBBONS PURSE ,108
FRYING PAN BLUE POLKADOT,108
S/6 SEW ON CROCHET FLOWERS,108
CUSHION COVER PINK UNION JACK,108
FAWN AND MUSHROOM GREETING CARD,108
POLYESTER FILLER PAD 30CMx30CM,107
SMALL WHITE/PINK ROSE ART FLOWER,107
PAINTED LIGHTBULB STAR+ MOON,107
ABSTRACT CIRCLE JOURNAL ,107
BLUE PAISLEY SKETCHBOOK,107
HEART GARLAND RUSTIC PADDED,106
PAPER LANTERN 5 POINT STAR MOON ,106
PINK/YELLOW FLOWERS HANDBAG,106
ASSORTED TUTTI FRUTTI LARGE PURSE,106
BLACK BIRD GARDEN DESIGN MUG,105
GARDEN METAL SIGN ,105
EASTER BUNNY WITH BASKET ON BACK,105
"FLOWER FAIRY,5 SUMMER B'DRAW LINERS",105
FIRST CLASS LUGGAGE TAG ,105
MUM'S KITCHEN CLOCK,104
GREEN ENAMEL+GLASS HAIR COMB,104
PURPLE ACRYLIC FACETED BANGLE,104
PAISLEY PATTERN  STICKERS,104
RETRO LEAVES MAGNETIC NOTEPAD,103
TUB 24 PINK FLOWER PEGS,103
PINK ROSE WASHBAG,103
TEA TIME TEA SET IN GIFT BOX,102
VINTAGE COFFEE GRINDER BOX,102
POLYESTER FILLER PAD 45x30cm,101
BEADED CRYSTAL HEART GREEN SMALL,101
CINAMMON & ORANGE WREATH,101
PING! MICROWAVE PLATE,101
GREEN FERN SKETCHBOOK ,101
MIRRORED DOVE WALL DECORATION,101
SPACE FROG,100
WRAP SUMMER ROSE DESIGN,100
"WRAP, CAROUSEL",100
WRAP  VINTAGE DOILEY ,100
PEG BAG APPLE DESIGN,100
PAPER LANTERN 7 POINT SNOW STAR,99
NINJA RABBIT PINK,99
"CHRISTMAS GARLAND STARS,TREES",99
BLUE DELPHINIUM ARTIFICIAL FLOWER,99
PINK SWEETHEART BRACELET,98
COLUMBIAN  CUBE CANDLE ,98
MIRRORED WALL ART SPLODGES,98
POP ART PUSH DOWN RUBBER ,98
ANTIQUE IVORY WIRE BOWL SMALL,97
FUSCHIA VOILE POINTY SHOE DEC,97
SET OF 4 POLKADOT COASTERS,96
RIDGED GLASS STORAGE JAR CREAM LID,96
DAISY FOLKART HEART DECORATION,96
MILK PAN BLUE POLKADOT,96
BLACK FEATHER CHRISTMAS DECORATION,96
GIFT BAG LARGE SPOT ,96
CD WALL TIDY BLUE OFFICE,96
BLACK SQUARE TABLE CLOCK,95
ASS FLORAL PRINT SPIRIT LEVEL ,95
GLASS SPHERE CANDLE STAND MEDIUM,95
CHRYSANTHEMUM NOTEBOOK,95
PINK MONTE CARLO HANDBAG,95
"ACRYLIC HANGING JEWEL,PINK",95
SET/6 POSIES PAPER PLATES,95
ECONOMY LUGGAGE TAG,94
SET OF 16 VINTAGE PISTACHIO CUTLERY,94
WHITE SQUARE TABLE CLOCK,94
CHRYSANTHEMUM SKETCHBOOK ,94
RED   ACRYLIC FACETED BANGLE,94
"SMALL POP BOX,FUNKY MONKEY",93
CHARLIE LOLA BLUE HOT WATER BOTTLE ,93
SMALL CAMPHOR WOOD FIELD  MUSHROOM,93
PAINTED SEA SHELL METAL WINDCHIME,93
GOLD STANDING GNOME,93
SET OF SKULL WALL STICKERS,92
EIGHT PIECE DINOSAUR SET,92
SILVER VANILLA  FLOWER CANDLE POT,92
"GARLAND, VINTAGE BELLS",92
HAND OPEN SHAPE DECO.WHITE,92
FORKED CACTUS CANDLE,92
LOVE LARGE WOOD LETTERS ,91
BLUE KNITTED HEN ,91
SCOTTIES DESIGN WASHBAG,91
SILVER T-LIGHT SETTING,91
RABBIT  DESIGN  COTTON TOTE BAG,90
TALL ROCOCO CANDLE HOLDER,90
CRYSTAL SEA HORSE PHONE CHARM,90
ROUND WHITE CONFETTI IN TUBE,89
ENAMEL BLUE RIM BISCUIT BIN,89
WALL ART DOG AND BALL ,89
JINGLE BELLS TREE DECORATION,89
QUEEN OF SKIES LUGGAGE TAG,89
PANTRY KITCHEN THERMOMETER ,88
GOLD APERITIF GLASS,88
BLUE ROUND COMPACT MIRROR,87
EDWARDIAN PHOTO FRAME,87
SET OF 16 VINTAGE BLACK CUTLERY,87
WALL ART TREASURE AHOY ,87
FOLDING UMBRELLA CHOCOLATE POLKADOT,87
SUNFLOWER DECORATIVE PARASOL,87
PINK RETRO BIG FLOWER BAG,86
BLUE  VOILE LAMPSHADE,86
WALL ART I LOVE LONDON ,86
ASSORTED FARMYARD ANIMALS IN BUCKET,86
FOLDING UMBRELLA WHITE/RED POLKADOT,86
CRYSTAL FROG PHONE CHARM,85
BLUE  TILE HOOK,85
4 BLUE DINNER CANDLES SILVER FLOCK,85
POPPY FIELDS CHOPPING BOARD,85
WOODLAND LARGE BLUE FELT HEART,85
VINTAGE NOTEBOOK PARIS DAYS,85
FOLDING UMBRELLA PINKWHITE POLKADOT,84
GREEN JUICY FRUIT PHOTO FRAME,84
PURPLE ENAMEL+GLASS HAIR COMB,84
NUMBER TILE VINTAGE FONT 3,83
PINK GINGHAM CAT WITH SCARF,83
MIRROR CORNICE,83
PINK DISCO HANDBAG,83
PINK SCOTTIE DOG W FLOWER PATTERN,82
DOLLCRAFT BOY JEAN-PAUL ,82
PAPER LANTERN 9 POINT HOLLY STAR S,82
BLUE JUICY FRUIT PHOTO FRAME,82
SET 4 PICNIC CUTLERY BLUEBERRY,82
SMALL APOTHECARY MEASURING JAR ,81
LA JARDIN BOTANIQUE CUSHION COVER,80
ZINC WIRE SWEETHEART LETTER TRAY,80
SMALL SQUARE CUT GLASS CANDLESTICK,80
GOLD SCROLL GLASS T-LIGHT HOLDER,80
PINK PILLAR CANDLE SILVER FLOCK,80
ORIGAMI SANDLEWOOD INCENSE+FLOWER,80
MISELTOE HEART WREATH ,80
NUMBER TILE VINTAGE FONT 2,79
NUMBER TILE VINTAGE FONT 6 ,79
Next Day Carriage,79
SET/4 BUTTERFLY MIRROR MAGNETS,79
PSYCHEDELIC WALL THERMOMETER,79
SET OF 2 TEA TOWELS PING MICROWAVE,78
NUMBER TILE VINTAGE FONT 4,78
ROUND PINK HEART MIRROR,78
MISELTOE HEART WREATH WHITE,78
RED DRAGONFLY HELICOPTER,78
SWEET HEART CAKE CARRIER,78
SET OF 16 VINTAGE SKY BLUE CUTLERY,78
WHITE WITH BLACK CATS PLATE,78
GEMSTONE CHANDELIER T-LIGHT HOLDER,78
"ACRYLIC JEWEL ANGEL,PINK",78
LARGE PARLOUR PICTURE FRAME,77
SET OF 4 POLKADOT PLACEMATS ,77
SKULLS STORAGE BOX SMALL,77
STRAWBERRY DREAM CHILDS UMBRELLA,77
BEADED CRYSTAL HEART BLUE SMALL,77
SET/4 MODERN VINTAGE COTTON NAPKINS,77
LARGE SKULL WINDMILL,77
BEADED PEARL HEART WHITE LARGE,77
GREEN SWEETHEART BRACELET,76
BLUE TV TRAY TABLE ,76
NUMBER TILE VINTAGE FONT 5,75
HALL CABINET WITH 3 DRAWERS,75
PINK METAL SWINGING BUNNY,75
PACK 3 FIRE ENGINE/CAR PATCHES,75
SILVER PHOTO FRAME,75
PIN CUSHION BABUSHKA BLUE,75
ROCOCO WALL MIRROR WHITE,75
EAU DE NILE JEWELLED T-LIGHT HOLDER,75
YELLOW EASTER EGG HUNT START POST,75
NUMBER TILE VINTAGE FONT 7,74
CAKE STAND VICTORIAN FILIGREE MED,74
SET/3 POLKADOT STACKING TINS,74
TABLE LAMP WHITE SHADE WOOD BASE,74
VINTAGE JINGLE BELLS WREATH,74
BROWN KUKUI COCONUT SEED NECKLACE,74
POSY CANDY BAG,74
VINTAGE GLASS COFFEE CADDY,74
METAL RABBIT LADDER EASTER ,74
PURPLE BERTIE GLASS BEAD BAG CHARM,74
BEADED CRYSTAL HEART BLUE ON STICK,73
TURQUOISE BERTIE GLASS BEAD CHARM,73
CERAMIC BIRDHOUSE CRESTED TIT SMALL,72
PARTY TIME DESIGN FLANNEL,72
SPOTTED WHITE NATURAL SEED NECKLACE,72
PINK DIAMANTE PEN IN GIFT BOX,72
WAKE UP COCKEREL CALENDAR SIGN ,72
PACK OF 12 DOILEY TISSUES,72
HEAVENS SCENT FRAGRANCE OILS ASSTD,72
BABY MOUSE RED GINGHAM DRESS,72
LILAC VOTIVE CANDLE,72
HEART T-LIGHT HOLDER ,71
DAISY SKETCHBOOK ,71
STRING OF STARS CARD HOLDER,71
PINK FLOWER FABRIC PONY,71
SET 4 PICNIC CUTLERY CHERRY ,71
MINT GREEN ROSE TOWEL,70
CREAM DELPHINIUM ARTIFICIAL FLOWER,70
NUMBER TILE VINTAGE FONT 1,70
CHRYSANTHEMUM  JOURNAL,70
CROCHET ROSE PURSE WITH SUEDE BACK,70
VEGETABLE GARDEN CHOPPING BOARD,70
BEACH HUT SHELF W 3 DRAWERS,70
DECORATIVE PLANT POT WITH FRIEZE,70
IVORY RETRO KITCHEN WALL CLOCK,70
LUNCH BAG VINTAGE DOILEY ,70
FRENCH CHATEAU LARGE PLATTER ,70
SET OF 4 CAROUSEL PLACEMATS ,70
GARDEN PATH POCKET BOOK,69
BLUE SAVANNAH PICNIC HAMPER FOR 2,69
HANGING MEDINA LANTERN SMALL,69
GLASS TWIST BON BON JAR,69
PAPER LANTERN 9 POINT HOLLY STAR L,69
BLUE & WHITE BREAKFAST TRAY,69
WEEKEND BAG VINTAGE ROSE PAISLEY,69
NUMBER TILE COTTAGE GARDEN 1,69
PINK BITTY LIGHT CHAIN,69
QUEEN OF THE SKIES PASSPORT COVER ,68
NURSE'S BAG SOFT TOY,68
DOLLCRAFT GIRL NICOLE,68
TRIPLE WIRE HOOK PINK HEART,68
BATHROOM SET LOVE HEART DESIGN,68
YELLOW/ORANGE FLOWER DESIGN PLATE,68
BLACK SWEETHEART BRACELET,67
FOUR RABBIT EASTER DECORATIONS,67
SKULLS STORAGE BOX LARGE,67
MIRRORED WALL ART TABLE LAMP,67
FIRST CLASS PASSPORT COVER ,66
THREE CANVAS LUGGAGE TAGS,66
NUMBER TILE VINTAGE FONT 8,66
NUMBER TILE COTTAGE GARDEN 2,66
COOKING SET RETROSPOT,66
DOLLCRAFT GIRL AMELIE KIT,66
DAISY JOURNAL ,66
SUMMER DAISIES BAG CHARM,66
SILVER JEWELLED MIRROR TRINKET TRAY,66
SET 4 PICNIC CUTLERY FONDANT,65
SWEET PUDDING STICKER SHEET,65
SET OF PICTURE FRAME  STICKERS,65
VINTAGE KITCHEN PRINT FRUITS,65
VINTAGE KITCHEN PRINT VEGETABLES,65
FAUX FUR CHOCOLATE THROW,65
SET 36 COLOUR PENCILS DOILEY,64
CABIN BAG VINTAGE PAISLEY,64
SIX DRAWER OFFICE TIDY,64
BLUE BLOSSOM HAIR CLIP,64
TEATIME PEN CASE & PENS,64
CHRYSANTHEMUM POCKET BOOK ,64
SPACE CADET WHITE,64
BLACK ENAMEL FLOWER RING,64
LARGE TORTILLA DESIGN RED BOWL,64
ASSORTED COLOURED CIRCLE MOBILE ,64
APOTHECARY MEASURING JAR,64
GREEN FERN POCKET BOOK,63
PINK FLY SWAT,63
"""""""LETTER """"""""A"""""""" BLING KEY RING""""""",63
NUMBER TILE VINTAGE FONT 9 ,63
DAISY NOTEBOOK ,63
BLUE CIRCLES DESIGN MONKEY DOLL,63
PAINTED LIGHTBULB RAINBOW DESIGN,63
HARDMAN MUG 3 ASSORTED,63
POLKADOT MUG PINK ,62
SQUARECUSHION COVER PINK UNION FLAG,62
PINK SQUARE TABLE CLOCK,62
SET OF 16 VINTAGE RED CUTLERY,62
NUMBER TILE VINTAGE FONT 0,62
TROPICAL LUGGAGE TAG,61
SMALL BLUE PROVENCAL CERAMIC BALL,61
FROG CANDLE,61
SET OF 12 T-LIGHTS VINTAGE DOILEY,61
BLACK SMALL GLASS CAKE STAND,61
PICNIC BASKET WICKER 60 PIECES,61
PURPLE DRESS JEWELLERY STAND,61
FLOWER FAIRY INCENSE BOUQUET,61
"""""""LETTER """"""""Y"""""""" BLING KEY RING""""""",61
VINTAGE PINK DECORATIVE PARASOL,60
VINTAGE RED KITCHEN CABINET,60
LUNCH BOX WITH CUTLERY FAIRY CAKES ,60
BLUE  DIAMANTE PEN IN GIFT BOX,60
CITRUS GARLAND FELT FLOWERS ,60
BUNDLE OF 3 RETRO EXERCISE BOOKS,60
VINTAGE ENGRAVED HEART,60
CLASSIC CROME BICYCLE BELL ,60
STARFISH SOAP DISH,59
METALIC LEAVES BAG CHARMS,59
PINK & WHITE BREAKFAST TRAY,59
ZINC SWEETHEART SOAP DISH,59
FLOWER FAIRY 5 DRAWER LINERS,59
4 SKY BLUE DINNER CANDLES,58
LOVE SEAT ANTIQUE WHITE METAL,58
CAKES AND RABBITS DESIGN FLANNEL ,57
FLOWERS TILE HOOK,57
PAIR PADDED HANGERS PINK CHECK,57
CREAM HANGING HEART T-LIGHT HOLDER,57
CAKE SHOP  STICKER SHEET,57
75 BLACK PETIT FOUR CASES,57
LAZER CUT NECKLACE W PASTEL BEADS,57
BLUE CAT BISCUIT BARREL PINK HEART,57
SET/4 COLOURFUL MIXING BOWLS,56
NUMBER TILE COTTAGE GARDEN 9,56
HEART TRELLISTRIPLE T-LIGHT HOLDER,56
SNACK TRAY RED GINGHAM,56
BLUE PAISLEY NOTEBOOK,56
STRIPES DESIGN TEDDY,56
PINK/BLUE STRING CURTAIN ,56
CERAMIC STRAWBERRY TRINKET TRAY,55
SET 4 NURSERY DES ROUND BOXES,55
ASSORTED CAKES FRIDGE MAGNETS,55
NUMBER TILE COTTAGE GARDEN 4,55
3 TIER SWEETHEART GARDEN SHELF,55
CLASSIC WHITE FRAME,55
DONKEY TAIL GAME ,54
NUMBER TILE COTTAGE GARDEN 6,54
 NINE DRAWER OFFICE TIDY,54
FLOOR CUSHION ELEPHANT CARNIVAL,54
LUSH GREENS RIBBONS,54
SET/3 POT PLANT CANDLES,54
EASTER BUNNY HANGING GARLAND,54
PINK FELT HANGING HEART W FLOWER,54
"TUMBLER, BAROQUE",54
NUMBER TILE COTTAGE GARDEN 0 ,53
KENSINGTON COFFEE SET,53
"""""""PINK/WHITE """"""""KEEP CLEAN"""""""" BULLET BIN""""""",53
PINK JEWELLED PHOTO FRAME ,53
BLACK DINER WALL CLOCK,53
GREEN FERN NOTEBOOK,52
NUMBER TILE COTTAGE GARDEN 3 ,52
NUMBER TILE COTTAGE GARDEN No,52
CAROUSEL DESIGN WASHBAG,52
NUMBER TILE COTTAGE GARDEN 8,52
SCENTED CANDLE IN DIGITALIS TIN,52
PINK/PURPLE CIRCLE CURTAIN,52
PLASMATRONIC LAMP,52
RED ENAMEL FLOWER RING,52
"""""""LETTER """"""""C"""""""" BLING KEY RING""""""",52
SQUARE METAL CANDLEHOLDER BASE,52
"RETRO TIN ASHTRAY,REVOLUTIONARY",52
SILVER FLOWR PINK SHELL NECKLACE,52
PINK FEATHERS CURTAIN,52
NUMBER TILE COTTAGE GARDEN 7,51
SQUARE FLOOR CUSHION VINTAGE RED,51
DOLLY CABINET 3 DRAWERS ,51
SHOE SHINE BOX ,51
BLUE CIRCLES DESIGN TEDDY,51
"""""""LETTER """"""""L"""""""" BLING KEY RING""""""",51
BATHROOM SCALES FOOTPRINTS IN SAND,51
BLUE SQUARE COMPACT MIRROR,51
PAPER LANTERN 5 POINT SEQUIN STAR,50
RED DAISY PAPER LAMPSHADE,50
HOUSE WRECKING METAL SIGN ,50
SILVER DIAMANTE PEN IN GIFT BOX,50
YELLOW SHARK HELICOPTER,50
WRAP GREEN RUSSIAN FOLKART ,50
LARGE APOTHECARY MEASURING JAR ,50
MONEY BOX FIRST ADE DESIGN,50
SET OF 36 SPACEBOY PAPER DOILIES,50
KEEP CALM BIRTHDAY WRAP,50
WRAP A PRETTY THANK YOU,50
BEACH HUT MIRROR,49
SMALL ZINC/GLASS CANDLEHOLDER,49
PEACH KNITTED HEN ,49
HEN HOUSE W FAMILY IN BARN & NEST,49
ENVELOPE 50 CURIOUS IMAGES,49
FLOWERS HANDBAG blue and orange,49
RED RETROSPOT WASHBAG,48
BLACK GRAND BAROQUE PHOTO FRAME,48
SET OF 12 ROSE BOTANICAL T-LIGHTS,48
BILI NUT AND WOOD NECKLACE,48
NEW BAROQUE JEWELLERY BOX ,48
SET 12 COLOUR PENCILS DOILEY,48
SILVER TEDDY BEAR,48
ELVIS WALLHANGING / CURTAIN,48
MINITURE ANTIQUE ROSE HOOK IVORY,48
GOLD FISHING GNOME,47
OYSTER TRINKET BOX,47
BLUE DRAGONFLY HELICOPTER,47
WHITE MOROCCAN METAL LANTERN,47
VINTAGE BEAD NOTEBOOK,47
NUMBER TILE COTTAGE GARDEN 5,47
PACK OF 12 CHRISTMAS FUN CARDS,47
"""""""LETTER """"""""K"""""""" BLING KEY RING""""""",47
YELLOW BREAKFAST CUP AND SAUCER,47
FLAMES SUNGLASSES PINK LENSES,47
PURPLE ENAMEL FLOWER RING,47
CLEAR CRYSTAL STAR PHONE CHARM,47
DAISY HAIR BAND,46
TOP SECRET PEN SET,46
IVORY EMBROIDERED QUILT ,46
GREEN ENAMEL FLOWER RING,46
ZINC HEART LATTICE CHARGER LARGE,46
MEDIUM PINK BUDDHA HEAD ,46
RETRO PINK BALL ASHTRAY ,46
PINK HYDRANGEA ART FLOWER,46
FAIRY CAKE NOTEBOOK A5 SIZE,46
WAKE UP COCKEREL TILE HOOK,46
PINK/WHITE CHRISTMAS TREE 30CM,46
ANT COPPER TURQ BOUDICCA BRACELET,45
BAG OF SILVER STONES,45
ROSE DU SUD COSMETICS BAG,45
ANT COPPER LIME BOUDICCA BRACELET,45
YELLOW FLOWERS FELT HANDBAG KIT,45
SILVER FISHING GNOME ,45
WHITE BAROQUE WALL CLOCK ,45
BLUE TABLE RUN FLOWER,45
CANDY SPOT HEART DECORATION,45
BLACK BAROQUE WALL CLOCK ,44
DECORATIVE VINTAGE COFFEE  BOX,44
RED RETRO KITCHEN WALL CLOCK,44
WHITE STITCHED CUSHION COVER,44
IVORY SCULPTED RND CANDLE ,44
LA PALMIERA TILE HOOK,44
BLUE FLOWER DES PURSE,44
LARGE BLUE PROVENCAL CERAMIC BALL,44
TRIANGULAR POUFFE VINTAGE ,43
BLUE CHENILLE SHAGGY CUSHION COVER ,43
CHARLIE AND LOLA CHARLOTTE BAG,43
COSY SLIPPER SHOES SMALL  RED ,43
WINE BOTTLE DRESSING DARK BLUE,43
4 BURGUNDY WINE DINNER CANDLES,43
MONEY BOX FIRST AID DESIGN,43
JARDIN ETCHED GLASS SMALL BELL JAR,43
SMALL HANGING GLASS+ZINC LANTERN,43
SMALL PARLOUR FRAME,42
SET OF 36 DOLLY GIRL PAPER DOILIES,42
PINK HORSE SOCK PUPPET KIT,42
"""""""LETTER """"""""E"""""""" BLING KEY RING""""""",41
SET OF 72 GREEN PAPER DOILIES,41
12 PINK HEN+CHICKS IN BASKET,41
BATHROOM SCALES RUBBER DUCKS,41
PURPLE SWEETHEART BRACELET,41
TURQ+RED BOUDICCA LARGE BRACELET,41
FREESTYLE CANVAS ART PICTURE,41
RETRO BROWN BALL ASHTRAY ,41
GREEN CHRISTMAS TREE STRING 20LIGHT,41
T-LIGHT HOLDER SILVER SAUCER,41
CHERRY BLOSSOM CANVAS ART PICTURE,41
"""""""LETTER """"""""S"""""""" BLING KEY RING""""""",40
12 HANGING EGGS HAND PAINTED,40
CANDY SPOT CUSHION COVER,40
CLEAR ACRYLIC FACETED BANGLE,40
PINK/GREEN FLOWER DESIGN BIG MUG,40
S/2 ZINC HEART DESIGN PLANTERS,39
CAMOUFLAGE EAR MUFF HEADPHONES,39
SPACE CADET BLACK,39
"DECORATION HEN ON NEST, HANGING",39
MILK PAN PINK POLKADOT,39
SET OF 36 PANTRY PAPER DOILIES,39
PACK 3 BOXES CHRISTMAS PANETTONE,39
"""""""LETTER """"""""D"""""""" BLING KEY RING""""""",39
WHITE CHRYSANTHEMUMS ART FLOWER,38
SCOTTIES CHILDRENS APRON,38
PINK FLOCK GLASS CANDLEHOLDER,38
CLEAR LOVE BIRD T-LIGHT HOLDER,38
ELEPHANT CARNIVAL POUFFE,38
BLUE CLIMBING HYDRANGA ART FLOWER,38
PINK AND BLACK STRING CURTAIN,38
TUSCAN VILLA DOVECOTE BIRD FEEDER,37
FRENCH ENAMEL UTENSIL HOLDER,37
JARDIN ETCHED GLASS LARGE BELL JAR,37
JOY LARGE WOOD LETTERS,37
SOFT PINK ROSE TOWEL ,37
FLAG OF ST GEORGE CHAIR,37
VEGETABLE MAGNETIC  SHOPPING LIST,36
CLEAR MILKSHAKE GLASS,36
HANGING RIDGE GLASS T-LIGHT HOLDER,36
KIDS CUTLERY SPACEBOY ,36
BLACK EAR MUFF HEADPHONES,36
CURIO CABINET LINEN AND LACE ,36
DOORKNOB CERAMIC IVORY,36
4 PINK FLOCK CHRISTMAS BALLS,36
KIDS CUTLERY DOLLY GIRL ,36
CANNABIS LEAF BEAD CURTAIN,36
PERIWINKLE T-LIGHT HOLDER,36
DOLLCRAFT GIRL AMELIE,36
PINK MARSHMALLOW SCARF KNITTING KIT,36
RUSTIC STRAWBERRY JAMPOT SMALL,36
FLORAL PINK MONSTER,36
LIGHT PINK FLOCK GLASS CANDLEHOLDER,36
WAY OUT METAL SIGN ,36
RETO LEAVES MAGNETIC SHOPPING LIST,36
VIP PASSPORT COVER ,35
RED SHARK HELICOPTER,35
CHRISTMAS MUSICAL ZINC HEART ,35
ORIGAMI OPIUM INCENSE/CANDLE SET ,35
VINTAGE KITCHEN PRINT SEAFOOD,35
BLUE RETRO KITCHEN WALL CLOCK,35
RUSTIC  SEVENTEEN DRAWER SIDEBOARD,35
SILVER STANDING GNOME   ,35
BLUE TRAVEL FIRST AID KIT,34
GREEN WIRE STANDING CANDLE HOLDER,34
CHEST 7 DRAWER MA CAMPAGNE,34
VINTAGE ROSE BEAD BRACELET RASPBERR,34
BEACH HUT DESIGN BLACKBOARD,34
WHITE/PINK CHICK EASTER DECORATION,34
"""""""LETTER """"""""G"""""""" BLING KEY RING""""""",34
YELLOW/PINK FLOWER DESIGN BIG MUG,33
CHERRY BLOSSOM LUGGAGE TAG,33
SILVER CHRISTMAS TREE BAUBLE STAND ,33
CHRISTMAS TREE T-LIGHT HOLDER,33
DOLLY CABINET 2 DRAWERS ,33
PACK/12 XMAS FUN CARD,33
MEDINA STAMPED METAL STOOL,33
VINTAGE KEEPSAKE BOX PARIS DAYS,33
CAROUSEL PONIES BABY BIB,33
SMALL SINGLE FLAME CANDLE HOLDER,33
FLORAL SOFT CAR TOY,32
FLOOR LAMP SHADE WOOD BASE,32
PINK HANGING GINGHAM EASTER HEN,32
BLUE HANGING GINGHAM EASTER HEN,32
SET OF 12 MINI BUNNIES IN A BUCKET,32
CRYSTAL DIAMANTE EXPANDABLE RING,32
PINK BOUDICCA LARGE BRACELET,32
VINTAGE SHELLS PRINT,32
RED POLKADOT PUDDING BOWL,32
SET OF 3 MINI HANGING PORTRAITS,32
BLUE ROSE PATCH PURSE PINK BUTTERFL,32
STEEL SWEETHEART ROUND TABLE CREAM,31
ANT COPPER PINK BOUDICCA BRACELET,31
TRANSPARENT ACRYLIC TAPE DISPENSER,31
BLUE/YELLOW FLOWER DESIGN BIG MUG,31
STRIPES DESIGN MONKEY DOLL,31
"ACRYLIC JEWEL ICICLE, BLUE",31
PURPLE BOUDICCA LARGE BRACELET,31
GREEN MURANO TWIST BRACELET,31
CROCHET WHITE RABBIT KEYRING ,31
VINTAGE KITCHEN PRINT PUDDINGS,31
BEST DAD CANDLE LETTERS,31
CORDIAL GLASS JUG,30
BLUE DISCO HANDBAG,30
FOLDING CAMPING SCISSOR W/KNIF & S,30
VINTAGE ROSE BEAD BRACELET BLACK,30
ALUMINIUM HEART,30
CREAM CLIMBING HYDRANGA ART FLOWER,30
CHRISTMAS CRAFT HEART STOCKING ,30
VANILLA INCENSE 40 CONES IN TIN,29
GOLD EAR MUFF HEADPHONES,29
KITCHEN FLOWER POTS WALL PLAQUE,29
PINK JEWELLED MIRROR TRINKET TRAY,29
BLUE CUSHION COVER WITH FLOWER,29
BLUE POLKADOT PUDDING BOWL,29
LARGE  TALL CAMPHOR WOOD TOADSTOOL ,29
MOUSEY LONG LEGS SOFT TOY,29
PASTEL BLUE PHOTO ALBUM ,29
EASTER BUNNY WREATH,28
PINK STRING CURTAIN WITH POLE,28
MILK BOTTLE WITH GLASS STOPPER ,28
WHITE  ROSEBUD PEARL BRACELET,28
COLUMBIAN CUBE CANDLE,28
ANTIQUE CREAM CUTLERY SHELF ,28
NECKLACE+BRACELET PINK BUTTERFLY,28
"""""""LETTER """"""""P"""""""" BLING KEY RING""""""",28
ROUND ARTICULATED PINK CLOCK W/SUCK,28
YELLOW PINK FLOWER DESIGN BIG BOWL,28
PINK CLEAR GLASS CANDLE PLATE,28
SET OF 36 VINTAGE CHRISTMAS DOILIES,27
FOLKART CHRISTMAS TREE T-LIGHT HOLD,27
75 GREEN FAIRY CAKE CASES,27
ASS COL SMALL SAND GECKO P'WEIGHT,27
ANT SILVER LIME GREEN BOUDICCA RING,27
ASS COL LARGE SAND FROG P'WEIGHT,27
"PET MUG, GOLDFISH",27
36 PENCILS TUBE POSY,27
"""""""LETTER """"""""M"""""""" BLING KEY RING""""""",27
CANDY SPOT TEA COSY,27
FUSCHIA TABLE RUN FLOWER ,27
LARGE PARLOUR FRAME,27
GREY ACRYLIC FACETED BANGLE,26
THE KING GIFT BAG 25x24x12cm,26
VINTAGE BLUE KITCHEN CABINET,26
LILAC DIAMANTE PEN IN GIFT BOX,26
PAPER LANTERN 6 POINT SNOW STAR,26
GREEN EASTER EGG HUNT START POST,26
SET OF 4 GREEN CAROUSEL COASTERS,25
HOME SWEEET HOME 3 PEG HANGER ,25
"STRING OF 8 BUTTERFLIES,PINK",25
PEACE SMALL WOOD LETTERS,25
HANGING BAUBLE T-LIGHT HOLDER LARGE,25
DIAMANTE BOW BROOCH RED COLOUR,25
ZINC WIRE KITCHEN ORGANISER,25
CREAM BUNNY EASTER EGG BASKET,25
VINTAGE NOTEBOOK TRAVELOGUE,25
"S/4 ICON COASTER,ELVIS LIVES",25
WRAP  PINK FLOCK,25
"""""""LETTER """"""""I"""""""" BLING KEY RING""""""",25
NEWSPAPER STAND,25
WRAP BLUE RUSSIAN FOLKART,25
FLAG OF ST GEORGE CAR FLAG,25
BIRTHDAY BANNER TAPE,24
ZINC T-LIGHT HOLDER STARS LARGE,24
PINK FLUFFY CHRISTMAS DECORATION,24
FRENCH CHATEAU SMALL FRUITBOWL,24
ROSE DU SUD WASHBAG ,24
METAL HERB GERDEN CONTAINER,24
"GREETING CARD, TWO SISTERS.",24
WHITE CHRISTMAS FLOCK DROPLET ,24
MIRRORED WALL ART PHOTO FRAMES,24
SUNSET COLOUR CHUNKY KNITTED THROW,24
WISE MAN STAR SHAPE EGG PAN,24
NEW BAROQUE BLACK PHOTO ALBUM,24
FOLK FELT HANGING MULTICOL GARLAND,24
SET/9 CHRISTMAS T-LIGHTS SCENTED ,24
CHEST NATURAL WOOD 20 DRAWERS,24
S/3 POT POURI CUSHIONS BLUE COLOURS,24
CHILDRENS SPACEBOY MUG,24
3 BLACK CATS W HEARTS BLANK CARD,24
LEAVES MAGNETIC  SHOPPING LIST,24
ENAMEL BOWL PANTRY,24
PINK SMALL GLASS CAKE STAND,24
LILAC GAUZE BUTTERFLY LAMPSHADE,24
BISCUIT TIN VINTAGE LEAF,24
JAM JAR WITH BLUE LID,24
BLUE MONTE CARLO HANDBAG,24
GIFT BAG LARGE 50'S CHRISTMAS,24
BLACK CHRISTMAS FLOCK DROPLET ,24
CRYSTAL STILETTO PHONE CHARM,24
72 CAKE CASES VINTAGE CHRISTMAS,24
"""""""LETTER """"""""J"""""""" BLING KEY RING""""""",23
FLAG OF ST GEORGE ,23
FRENCH STYLE EMBOSSED HEART CABINET,23
VINTAGE ZINC PLANTER  ,23
JADE DROP EARRINGS W FILIGREE,23
GREEN/BLUE FLOWER DESIGN BIG MUG,23
YELLOW POT PLANT CANDLE,23
LARGE CAMPHOR WOOD FIELD MUSHROOM ,22
BIRD BOX CHRISTMAS TREE DECORATION,22
MODERN VINTAGE COTTON SHOPPING BAG,22
SILVER  CANDLEPOT JARDIN ,22
SWEETHEART CREAM STEEL TABLE RECT,22
"FOLK ART GREETING CARD,pack/12",22
PACK/12 BLUE FOLKART CARDS,22
DOUBLE CERAMIC PARLOUR HOOK,22
MEDIUM PARLOUR FRAME ,22
"""""""LETTER """"""""H"""""""" BLING KEY RING""""""",22
WHITE HYDRANGEA ART FLOWER,22
SILVER LARIAT 40CM,22
AMBER DIAMANTE EXPANDABLE RING,22
HAND PAINTED HANGING EASTER EGG,22
CUTE BIRD CEATURE SCREEN,22
CHUNKY SILVER NECKLACE PASTEL FLOWE,21
RED BOUDICCA LARGE BRACELET,21
DIAMANTE BOW BROOCH GREEN COLOUR,21
TURQUOISE GLASS TASSLE BAG CHARM ,21
ZINC HEART LATTICE CHARGER SMALL,21
SILVER HOOP EARRINGS WITH FLOWER,21
AMETHYST CHUNKY BEAD BRACELET W STR,21
BEACH HUT KEY CABINET,21
PINK FLOWERS RABBIT EASTER,21
WALL ART BICYCLE SAFTEY ,21
BLACK DIAMANTE EXPANDABLE RING,21
ENGLISH ROSE METAL WASTE BIN,20
GREEN GEISHA GIRL ,20
FLORAL BATHROOM SET,20
NECKLACE+BRACELET SET BLUE HIBISCUS,20
CARNIVAL BRACELET,20
BLUE GEISHA GIRL ,20
PINK OVAL JEWELLED MIRROR,20
WHITE 3 FRAME BIRDS AND TREE ,20
AMBER DROP EARRINGS W LONG BEADS,20
BLUE SWEETHEART BRACELET,20
VINTAGE KEEPSAKE BOX TRAVELOGUE,20
MULTICOLOUR EASTER RABBIT ,20
HILDA CANDY SPOT RABBIT,20
YELLOW FELT HANGING HEART W FLOWER,20
BLUE MURANO TWIST BRACELET,20
GOLD PRINT PAPER BAG,19
WHITE TISSUE REAM,19
LADLE LOVE HEART PINK,19
WOVEN ROSE GARDEN CUSHION COVER ,19
SMALL KITCHEN FLOWER POTS PLAQUE,19
PINK JEWELLED PHOTO FRAME,19
ZINC HEART LATTICE 2 WALL PLANTER,19
SCHOOL DESK AND CHAIR ,19
TOAST ITS - DINOSAUR,19
PINK ROSEBUD PEARL BRACELET,19
PINK BREAKFAST CUP AND SAUCER ,19
AQUA BERTIE GLASS BEAD BAG CHARM,19
IVORY SHELL HEART NECKLACE,19
GREEN PEONY CUSHION COVER,19
TUSCAN VILLA BIRD TABLE ,19
CRYSTAL CZECH CROSS PHONE CHARM,19
"""""""LETTER """"""""N"""""""" BLING KEY RING""""""",18
LARGE ZINC GLASS CANDLEHOLDER,18
SILVER M.O.P ORBIT BRACELET,18
PAPER LANTERN 9 POINT HOLLY STAR 23,18
SILVER BRACELET W PASTEL FLOWER,18
SILICON STAR BULB  BLUE,18
FOLDING MIRROR RED  ,18
GLITTER SNOW PEAR TREE DECORATION,18
CRYSTAL PAIR HEART HAIR SLIDES,18
PURPLE/COPPER HANGING LAMPSHADE,18
PINK CHRYSANTHEMUMS ART FLOWER,18
FOLDING MIRROR IVORY ,18
DROP DIAMANTE EARRINGS PURPLE,17
PAIR OF ENAMEL BUTTERFLY HAIRCLIP,17
THE KING GIFT BAG,17
RED PEONY CUSHION COVER ,17
SILVER M.O.P ORBIT DROP EARRINGS,17
HOLLY TOP CHRISTMAS STOCKING,17
BLACK MEDIUM GLASS CAKE STAND,17
PINK/FLOWER RABBIT EGG WARMER ,17
ARMY CAMO BOOKCOVER TAPE,17
CONDIMENT TRAY 4 BOWLS AND 4 SPOONS,17
LITTLE GREEN MONSTER SOFT TOY,17
SILVER LATTICE VANILLA CANDLE POT,17
BLUE CHECK BAG W HANDLE 34X20CM,17
TURQUOISE CRYSTAL+GLASS BRACELET,17
PINK BUTTERFLY CUSHION COVER,17
GREEN GLASS TASSLE BAG CHARM,17
POLYESTER FILLER PAD 65CMx65CM,17
BLACK BAROQUE CARRIAGE CLOCK,17
DOTCOM POSTAGE,16
VINTAGE BEAD COSMETIC BAG ,16
BUTTERFLY HAIR BAND,16
GREEN METAL BOX TOP SECRET,16
WHITE WIRE PLANT POT HOLDER,16
5 STRAND GLASS NECKLACE CRYSTAL,16
ROMANTIC IMAGES SCRAP BOOK SET,16
PURPLE GEMSTONE BRACELET,16
RED PEONY TABLE CLOCK,16
SMALL JEWELLERY STAND,16
PAIR BUTTERFLY HAIR CLIPS,16
TUSCAN VILLA BIRD FEEDER,16
LITTLE PINK MONSTER SOFT TOY,16
YELLOW/BLUE RETRO RADIO,16
ELEPHANT CLIP W SUCTION CUP,16
COLOURFUL FLOWER FRUIT BOWL,16
GOLDIE LOOKING MIRROR,16
"BATHROOM SCALES, TROPICAL BEACH",16
FRUIT SALAD BAG CHARM,16
FRUIT TREE AND BIRDS WALL PLAQUE,16
BLACK SIL'T SQU CANDLE PLATE ,16
SPOTS ON RED BOOKCOVER TAPE,16
LARGE MINT DIAMANTE HAIRSLIDE,16
MIDNIGHT BLUE VINTAGE EARRINGS,16
SET OF 6 ICE CREAM SKITTLES,16
CHRISTMAS TABLE CANDLE SILVER SPIKE,16
VINTAGE ZINC WATERING CAN SMALL,16
RED GLASS TASSLE BAG CHARM,16
KNITTED RABBIT DOLL ,16
WOVEN BERRIES CUSHION COVER ,15
WHITE FRANGIPANI NECKLACE,15
FLOWER PURPLE CLOCK WITH SUCKER,15
PINK OVAL SHAPE TRINKET BOX,15
GARDEN PATH NOTEBOOK ,15
YELLOW DRAGONFLY HELICOPTER,15
LILY BROOCH AMETHYST COLOUR,15
WHITE ALLIUM  ARTIFICIAL FLOWER,15
CROCHET BEAR RED/BLUE  KEYRING,15
"""""""LETTER """"""""R"""""""" BLING KEY RING""""""",15
BLACK PHOTO ALBUM ,15
FRENCH CHATEAU OVAL PLATTER,15
MIRRORED WALL ART FOXY,15
PINK GAUZE BUTTERFLY LAMPSHADE,15
FROG SOCK PUPPET,15
LA PALMIERA WALL THERMOMETER,15
ROSE DU SUD CUSHION COVER ,15
"""""""RETRO """"""""TEA FOR ONE"""""""" """"""",14
PINK HEART OF GLASS BRACELET,14
PINK FOXGLOVE ARTIIFCIAL FLOWER,14
ANT SILVER FUSCHIA BOUDICCA RING,14
MOROCCAN BEATEN METAL DISH,14
PINK & WHITE ROSEBUD RING,14
PINK HAWAIIAN PICNIC HAMPER FOR 2,14
MOROCCAN BEATEN METAL MIRROR,14
PACKING CHARGE,14
OLD DOC RUSSEL METAL SIGN,14
WOVEN CANDY CUSHION COVER ,14
HELLO SAILOR BATHROOM SET,14
ANTIQUE CREAM CUTLERY CUPBOARD,14
WINE BOTTLE DRESSING LT.BLUE,14
BLUE WHITE PLASTIC RINGS LAMPSHADE,14
FUSCHIA RETRO BAR STOOL,14
"""""""LETTER """"""""V"""""""" BLING KEY RING""""""",14
SILVER OVAL SHAPE TRINKET BOX,14
WOVEN BUBBLE GUM CUSHION COVER,14
ST TROPEZ NECKLACE,14
FIRE POLISHED GLASS BRACELET GREEN,14
SILVER/M.O.P PENDANT ORBIT NECKLACE,14
PINK DOG CANNISTER,14
HEN HOUSE WITH CHICK STANDING,14
PINK FELT EASTER EGG BASKET,14
HAPPY BIRTHDAY CARD STRIPEY TEDDY,13
BLACK+WHITE NECKLACE W TASSEL,13
NECKLACE+BRACELET SET FRUIT SALAD ,13
FINE SILVER NECKLACE W PASTEL FLOWE,13
"""""""LETTER """"""""B"""""""" BLING KEY RING""""""",13
A4 WALL TIDY RED FLOWERS,13
VINTAGE BEAD PINK SHADE ,13
ORIENTAL RED CUSHION COVER ,13
ROSE DU SUD DRAWSTRING BAG,13
BUTTONS AND STRIPES NOTEBOOK ,13
VINTAGE ENAMEL & CRYSTAL EARRINGS,13
BLUE HOLE PUNCH,13
PLAYING CARDS VINTAGE DOILEY ,13
DANISH ROSE BEDSIDE CABINET,13
PINK CRYSTAL SKULL PHONE CHARM,13
ROSE DU SUD CUSHION COVER,13
PINK STRAWBERRY HANDBAG ,13
CONGRATULATIONS BUNTING,13
GREEN HEART OF GLASS BRACELET,13
CANDY SPOT BUNNY,13
AMETHYST DIAMANTE EXPANDABLE RING,13
SPACEBOY MINI RUCKSACK,13
DROP DIAMANTE EARRINGS CRYSTAL,13
TURQ ICE CREAM BUM BAG ,13
"""""""LETTER """"""""F"""""""" BLING KEY RING""""""",13
PINK BOUDOIR T-LIGHT HOLDER,12
TUSCAN VILLA FEEDING STATION,12
FOLKART ZINC STAR CHRISTMAS DEC,12
MULTICOLOUR POLKADOT PLATE,12
Bank Charges,12
DOORKNOB CRACKED GLAZE GREEN,12
3 PINK HEN+CHICKS IN BASKET,12
BAKING MOULD CHOCOLATE CUP CAKES,12
PINK PARTY SUNGLASSES,12
YULETIDE IMAGES S/6 PAPER BOXES,12
VINTAGE ZINC WATERING CAN,12
PINK SMALL JEWELLED PHOTOFRAME,12
IVY HEART WREATH,12
CRYSTAL DIAMANTE STAR BROOCH,12
CRYSTAL HOOP EARRING FLORAL LEAF,12
PINK FLOCK SUEDE CUSHION COVER ,12
I LOVE LONDON WALL ART,12
PINK FLOCK PHOTO FRAME ,12
SET OF 3 CONEY ISLAND OVAL BOXES,12
MIDNIGHT BLUE PAIR HEART HAIR SLIDE,12
SILVER LARIAT BLACK STONE EARRINGS,12
"""""""LETTER """"""""T"""""""" BLING KEY RING""""""",12
LILAC FEATHERS CURTAIN,12
WOVEN SUNSET CUSHION COVER ,12
ACRYLIC GEOMETRIC LAMP,12
PINK BUTTERFLY CUSHION COVER ,12
PINK ENAMEL FLOWER HAIR TIE,12
BAKING MOULD CUPCAKE CHOCOLATE,12
GREEN POP ART MAO CUSHION COVER ,12
"""""""LETTER """"""""W"""""""" BLING KEY RING""""""",12
PINK ROUND COMPACT MIRROR,12
GOLD TEDDY BEAR,12
ENAMEL MUG PANTRY,12
ENAMEL DINNER PLATE PANTRY,12
TUSCAN VILLA DOVECOTE,12
BLACK DROP CRYSTAL NECKLACE,12
"GARLAND, MAGIC GARDEN 1.8M",12
BLUE ORGANDY ROUND LAMPSHADE W BEA,12
PAINTED HEART WREATH WITH BELL,12
PINK ACRYLIC JEWEL SNOWFLAKE,12
DOTCOMGIFTSHOP TEA TOWEL,12
BELL HEART ANTIQUE GOLD,12
CANNISTER VINTAGE LEAF DESIGN,12
DOORKNOB CRACKED GLAZE PINK,12
"""""""LETTER """"""""U"""""""" BLING KEY RING""""""",12
SET OF 6 EASTER RAINBOW CHICKS,12
"""""""LETTER """"""""O"""""""" BLING KEY RING""""""",12
"""""""LETTER """"""""Z"""""""" BLING KEY RING""""""",12
WOVEN FROST CUSHION COVER,11
RASPBERRY ANT COPPER FLOWER NECKLAC,11
LILY BROOCH OLIVE COLOUR,11
SILVER ROCCOCO CHANDELIER,11
METAL BASE FOR CANDLES,11
FIRST CLASS HOLIDAY PURSE ,11
BLACK CHUNKY BEAD BRACELET W STRAP,11
"SILICON CUBE 25W, BLUE",11
GREEN VINTAGE EARRINGS ,11
BLACK VINTAGE  CRYSTAL EARRINGS,11
PINK B'FLY C/COVER W BOBBLES,11
CUPID SCENTED CANDLE IN GLASS,11
"""""""FLOWER GLASS GARLAND NECKL.36""""""""BLACK""""""",11
CUTE RABBIT CEATURE SCREEN ,11
WHITE VINT ART DECO CRYSTAL NECKLAC,11
GLASS SONGBIRD STORAGE JAR,11
BLUE WIRE SPIRAL CANDLE HOLDER,11
HANGING HEART BASKET,11
CREAM AND PINK FLOWERS PONY ,11
VINTAGE POST OFFICE CABINET,11
MOROCCAN BEATEN METAL DISH LARGE,11
BIRD ON BRANCH CANVAS SCREEN,11
15 PINK FLUFFY CHICKS IN BOX,10
WOODEN BOX ADVENT CALENDAR ,10
ZINC TOP  2 DOOR WOODEN SHELF ,10
LARGE JEWELLERY STAND,10
FLOWER BURST SILVER RING CRYSTAL,10
WOOD AND GLASS MEDICINE CABINET,10
BEADED LOVE HEART JEWELLERY SET,10
ANT SILVER PURPLE BOUDICCA RING,10
PSYCHEDELIC METAL SIGN CALENDAR,10
REGENCY MIRROR WITH SHUTTERS,10
GREEN CAT FLORAL CUSHION COVER ,10
PINK VINTAGE VICTORIAN EARRINGS,10
DIAMANTE HAIR GRIP PACK/2 RUBY,10
PAPER LANTERN 5 POINT STAR MOON 30,10
SILVER BOOK MARK WITH BEADS,10
PINK PAISLEY CUSHION COVER ,10
FRENCH CHATEAU LARGE FRUIT BOWL ,10
DECROTIVEVINTAGE COFFEE GRINDER BOX,10
AMBER GLASS/SILVER BRACELET,10
PAIR OF PINK FLOWER CLUSTER SLIDE,10
RUBY DROP CHANDELIER EARRINGS,10
BLUE TEATIME PRINT BOWL ,10
WHITE FRANGIPANI HAIR CLIP,10
BLUE STRIPES SHOULDER BAG,9
GREEN  DIAMANTE PEN IN GIFT BOX,9
DIAMANTE HAIR GRIP PACK/2 BLACK DIA,9
HANGING BUTTERFLY  EGG,9
BLUE GLASS CHUNKY CHARM BRACELET,9
FROG KING WATERING CAN,9
ZINC HEART LATTICE TRAY OVAL ,9
WHITE GLASS CHUNKY CHARM BRACELET,9
BLUE POLKADOT PURSE ,9
BLUE CRUSOE CHECK LAMPSHADE,9
MOP PENDANT SHELL NECKLACE,9
GOLD/M.O.P PENDANT ORBIT NECKLACE,9
DIAMANTE HAIR GRIP PACK/2 LT ROSE,9
TURQ STONE/CRYSTAL EARRINGS,9
ANT COPPER RED BOUDICCA BRACELET,9
DUSTY PINK CHRISTMAS TREE 60CM,9
ASSTD RASTA KEY-CHAINS,9
TEAL/FUSCHIA COL BEAD NECKLACE,9
POCKET MIRROR WOODLAND,8
PAPER LANTERN 5 POINT STUDDED STAR,8
BLACK VINT ART DEC CRYSTAL NECKLACE,8
GOLD M PEARL  ORBIT NECKLACE,8
TURQUOISE HEART OF GLASS BRACELET,8
PINK BUTTERFLY WASHBAG,8
BLUE TILED TRAY,8
PURPLE GEMSTONE NECKLACE 45CM,8
5 STRAND GLASS NECKLACE BLACK,8
ENAMEL BLUE RIM TEA CONTAINER,8
DOLLY GIRL MINI RUCKSACK,8
PINK CRYSTAL+GLASS BRACELET,8
EDWARDIAN DROP EARRINGS JET BLACK,8
AMBER CHUNKY BEAD BRACELET W STRAP,8
GOLD WASHBAG,8
FILIGREE DIAMANTE EARRINGS,8
GREEN PAIR HEART HAIR SLIDES,8
PINK HEART DOTS HOT WATER BOTTLE,8
CAKE STAND VICTORIAN FILIGREE LARGE,8
BLACK CHERRY LIGHTS,8
BLUE NETTING STORAGE HANGER,8
SILVER/MOP ORBIT NECKLACE,8
ENAMEL JUG PANTRY,8
SILVER M.O.P. ORBIT NECKLACE,8
DIAMANTE HAIR GRIP PACK/2 MONTANA,8
BLUE EASTER EGG HUNT START POST,8
GOLD M.O.P ORBIT DROP EARRINGS,8
"WALL ART ,PUDDINGS ",8
VIP HOLIDAY PURSE,8
PINK CHRISTMAS FLOCK DROPLET ,8
BUTTERFLY CUSHION COVER,8
VINTAGE PHOTO ALBUM PARIS DAYS,8
RABBIT EASTER DECORATION,8
PINK GREEN EMBROIDERY COSMETIC BAG,8
HOT WATER BOTTLE BABUSHKA LARGE,8
AMBER GLASS TASSLE BAG CHARM,8
PURPLE FRANGIPANI NECKLACE,8
ZINC PLANT POT HOLDER,8
CHAMPAGNE TRAY BLANK CARD,8
MIDNIGHT BLUE DROP CRYSTAL NECKLACE,8
SILVER/NATURAL SHELL NECKLACE,8
NECKLACE+BRACELET SET BLUE BLOSSOM,8
RUBY GLASS CLUSTER BRACELET,8
ZINC STAR T-LIGHT HOLDER ,8
GREEN/BLUE CERAMIC CANDLE HOLDER,8
"WALL ART , LOVES' SECRET ",8
GOLD FLOWER CUSHION COVER ,8
"LARGE CAKE TOWEL, CHOCOLATE SPOTS",7
BLACK CRYSTAL DROP EARRINGS,7
DROP DIAMANTE EARRINGS BLACK DIAMON,7
CREAM SWEETHEART WALL CABINET,7
RIVIERA NECKLACE,7
RASTA IN BATH W SPLIFF ASHTRAY,7
SET/4 GARDEN ROSE DINNER CANDLE,7
MIDNIGHT BLUE GLASS/SILVER BRACELET,7
DIAMANTE BOW BROOCH BLACK COLOUR,7
RECIPE BOX WITH METAL HEART,7
RED PURSE WITH PINK HEART,7
BLACK/WHITE GLASS/SILVER BRACELET,7
PURPLE FOXGLOVE ARTIIFCIAL FLOWER,7
LONG SILVER NECKLACE PASTEL FLOWER,7
PINK GLASS TASSLE BAG CHARM ,7
"""""""FLOWER GLASS GARLD NECKL36""""""""AMETHYST""""""",7
BLACK FLOWER CANDLE PLATE,7
WHITE VINTAGE CRYSTAL EARRINGS,7
PASTEL PINK PHOTO ALBUM ,7
WHITE ENAMEL FLOWER HAIR TIE,7
HEART BUTTONS JEWELLERY BOX,7
SILVER DROP EARRINGS WITH FLOWER,7
GREEN ENAMEL FLOWER HAIR TIE,7
GREEN MURANO TWIST NECKLACE,7
MAXWELL 2 TONE BLUE 60 PAGE PHOTO A,7
MURANO STYLE GLASS BRACELET GOLD,7
DIAMANTE NECKLACE PURPLE,7
AMBER CHUNKY GLASS+BEAD NECKLACE,6
PINK CAT FLORAL CUSHION COVER ,6
TROPICAL HOLIDAY PURSE ,6
ROSE COLOUR PAIR HEART HAIR SLIDES,6
CLEAR STATIONERY BOX SET ,6
SILVER BLACK ORBIT DROP EARRINGS,6
PURPLE LAS VEGAS BRACELET ROUND,6
ENVELOPE 50 ROMANTIC IMAGES,6
GOLD/AMBER DROP EARRINGS W LEAF,6
BAKING MOULD TOFFEE CUP  CHOCOLATE,6
CHALKBOARD KITCHEN ORGANISER,6
ROUND CACTUS CANDLE,6
CHERRY BLOSSOM TABLE CLOCK ,6
FLOWER GARLAND NECKLACE RED,6
FIRE POLISHED GLASS BRACELET MONTAN,6
DECORATIVE HANGING SHELVING UNIT,6
BLUE FLOCK CUSHION COVER ,6
GOLD DIAMANTE STAR BROOCH,6
EIGHT PIECE CREEPY CRAWLIE SET,6
PINK NEW BAROQUE FLOCK CANDLESTICK,6
LARGE CRYSTAL DIAMANTE HAIRSLIDE,6
INCENSE BAZAAR PEACH,6
BIG POLKADOT MUG,6
COPPER/OLIVE GREEN FLOWER NECKLACE,6
LIGHTHOUSE PRINTED METAL SIGN,6
WHITE VINTAGE CRYSTAL BRACELET,6
ANT SILVER TURQUOISE BOUDICCA RING,6
RESIN NECKLACE W PASTEL BEADS,6
MONTANA DIAMOND CLUSTER EARRINGS,6
GLASS AND PAINTED BEADS BRACELET OL,6
MURANO STYLE GLASS BRACELET RED,6
VINTAGE WOODEN BAR STOOL,6
PAPER LANTERN 9 POINT HOLLY STAR 40,6
"ACRYLIC JEWEL SNOWFLAKE,PINK",6
PINK MURANO TWIST NECKLACE,6
LADLE LOVE HEART RED ,6
PURPLE GLASS TASSLE BAG CHARM,6
"""""""FLOWER GLASS GARLAND NECKL.36""""""""BLUE""""""",6
BLUE FELT HANGING HEART WITH FLOWER,6
CRACKED GLAZE NECKLACE RED,6
FIRE POLISHED GLASS BRACELET RED,6
TINY CRYSTAL BRACELET GREEN,6
2 DAISIES HAIR COMB,6
IVORY PENDANT TRIPLE SHELL NECKLACE,6
FLOWER FAIRY 5 SUMMER DRAW LINERS,6
CLASSICAL ROSE TABLE LAMP,6
STORAGE TIN VINTAGE DOILEY ,6
DROP DIAMANTE EARRINGS GREEN,6
CORDIAL JUG,6
CRACKED GLAZE NECKLACE IVORY,6
PINK DAISY BAG CHARM,6
SET OF 4 KNICK KNACK TINS  DOILEY ,6
SILVER/CRYSTAL DROP EARRINGS W LEAF,6
BLACK 3 BEAD DROP EARRINGS,6
"WALL ART,ONLY ONE PERSON ",6
DAISY HAIR COMB,6
BLING KEY RING STAND,6
GLASS AND PAINTED BEADS BRACELET TO,6
GLASS AND BEADS BRACELET IVORY,6
PINK CHERRY BLOSSOM CUP & SAUCER,6
PURPLE ENAMEL FLOWER HAIR TIE,6
ORANGE/WHT/FUSCHIA STONES NECKLACE,6
CLASSIC DIAMANTE EARRINGS JET,6
DIAMANTE HAIR GRIP PACK/2 PERIDOT,6
DIAMANTE HAIR GRIP PACK/2 CRYSTAL,6
CLAM SHELL LARGE,5
CROCHET ROSE DES CLOTHES HANGER,5
FLOWER PURPLE CLOCK W/SUCKER,5
HEART SHAPED MIRROR,5
SILVER/AMETHYST DROP EARRINGS LEAF,5
UBO-LIGHT TRIOBASE PURPLE,5
ANTIQUE OLIVE GREEN FLOWER EARRINGS,5
FLORAL BLUE MONSTER,5
TURQUOISE CHRISTMAS TREE ,5
PINK TALL PORCELAIN T-LIGHT HOLDER ,5
HEARTS WRAPPING TAPE ,5
IVORY GOLD METAL BAG CHARM,5
DIAMOND LAS VEGAS NECKLACE 45CM,5
"""""""POCKET MIRROR """"""""GLAMOROUS""""""""""""""",5
GIRLY PINK TOOL SET,5
HAPPY BIRTHDAY CARD TEDDY/CAKE,5
VINTAGE ENAMEL & CRYSTAL NECKLACE,5
SILVER LOOKING MIRROR,5
PINK YELLOW PATCH CUSHION COVER,5
DAIRY MAID  PUDDING BOWL,5
WOODLAND MINI RUCKSACK ,5
CAT WITH SUNGLASSES BLANK CARD,5
BLUE BREAKFAST CUP AND SAUCER ,4
"BREAD BIN, DINER STYLE, MINT",4
SILVER BLACK ORBIT BRACELET,4
AMETHYST HOOP EARRING FLORAL LEAF,4
ECONOMY HOLIDAY PURSE,4
"""""""FLOWER GLASS GARLD NECKL36""""""""TURQUOIS""""""",4
BLUE MURANO TWIST NECKLACE,4
COPPER AND BRASS BAG CHARM,4
16 PC CUTLERY SET PANTRY DESIGN,4
ORANGE FLOWER MUG ,4
ROSE FLOWER CANDLE+INCENSE 16X16CM,4
VINTAGE BEAD PINK JEWEL BOX,4
BLUE/YELLOW CERAMIC CANDLE HOLDER,4
GLASS BEAD HOOP EARRINGS BLACK,4
"""""""FLOWER GLASS GARLAND NECKL.36""""""""GREEN""""""",4
PINK HEART RED HANDBAG,4
High Resolution Image,4
ENGLISH ROSE SCENTED HANGING HEART,4
PINK/AMETHYST/GOLD NECKLACE,4
BLACK GEMSTONE NECKLACE 45CM,4
"""""""PEARL & SHELL 42""""""""NECKL. GREEN""""""",4
LARGE BLACK DIAMANTE HAIRSLIDE,4
PINK ROSEBUD & PEARL NECKLACE,4
ANTIQUE MID BLUE FLOWER EARRINGS,4
JET BLACK LAS VEGAS NECKLACE 45CM,4
TURQ PENDANT TRIPLE SHELL NECKLACE,4
PINK CHERRY LIGHTS,4
NEW BAROQUE B'FLY NECKLACE RED,4
UBO-LIGHT TRIOBASE BLUE,4
WHITE/PINK MINI CRYSTALS NECKLACE,4
GREEN DROP EARRINGS W BEAD CLUSTER,4
PURPLE ANEMONE ARTIFICIAL FLOWER,4
MURANO STYLE GLASS BRACELET BLACK,4
UNION JACK HOT WATER BOTTLE ,4
GREEN PENDANT TRIPLE SHELL NECKLACE,4
PINK PAINTED KASHMIRI CHAIR,4
GLASS BEAD HOOP EARRINGS AMETHYST,4
"BREAD BIN, DINER STYLE, IVORY",4
GLASS BELL JAR SMALL,4
ROBOT MUG IN DISPLAY BOX,3
GLASS BEAD HOOP NECKLACE AMETHYST,3
ROBIN CHRISTMAS CARD,3
PURPLE AMETHYST NECKLACE W TASSEL,3
JET BLACK LAS VEGAS BRACELET ROUND,3
WHITE HEART OF GLASS BRACELET,3
RED WHITE SCARF  HOT WATER BOTTLE,3
PALE PINK/AMETHYST STONE NECKLACE,3
BLUE GREEN EMBROIDERY COSMETIC BAG,3
NEW BAROQUE BLACK BOXES,3
PADS TO MATCH ALL CUSHIONS,3
BLACK GLASS BRACELET W HEART CHARMS,3
"RUSTIC WOODEN CABINET, GLASS DOORS",3
BLACK GEMSTONE BRACELET,3
VINTAGE GLASS TEA CADDY,3
FOLDING SHOE TIDY,3
AMBER FINE BEAD NECKLACE W TASSEL,3
FRESHWATER PEARL BRACELET GOLD,3
PINK EASTER HENS+FLOWER,3
FIRE POLISHED GLASS NECKL BRONZE,3
GREEN WITH METAL BAG CHARM,3
GINGHAM OVEN GLOVE RED HEART ,3
SWEETHEART CARRY-ALL BASKET,3
BLUE PAINTED KASHMIRI CHAIR,3
"FOOD COVER WITH BEADS , SET 2 SIZES",3
TIGRIS EYE CHUNKY CHARM BRACELET,3
QUEEN OF THE SKIES HOLIDAY PURSE ,3
WHITE BEADED GARLAND STRING 20LIGHT,3
RESIN BRACELET W PASTEL BEADS,3
S/2 BEACH HUT TREASURE CHESTS,3
COTE D'AZURE NECKLACE,3
TEATIME FUNKY FLOWER BACKPACK FOR 2,3
CURIOUS IMAGES SCRAP BOOK SET,3
ORANGE PENDANT TRIPLE SHELL NECKLAC,3
VINTAGE KEEPSAKE BOX PINK FLOWER,3
DIAMANTE NECKLACE GREEN,3
GLASS BEAD HOOP NECKLACE GREEN,3
SILVER/NAT SHELL NECKLACE W PENDANT,3
CRYSTAL CHANDELIER T-LIGHT HOLDER,3
RED ROSE AND LACE C/COVER,3
MIDNIGHT BLUE COPPER FLOWER NECKLAC,3
NEW BAROQUE SMALL NECKLACE BLACK,3
ROSE PENDANT TRIPLE SHELL NECKLACE,3
VINTAGE NOTEBOOK BEAUTY GIRL,3
WHITE WITH METAL BAG CHARM,3
SILVER/BLACK ORBIT NECKLACE,3
ASSORTED COLOUR SILK GLASSES CASE,3
FUNKY FLOWER PICNIC BAG FOR 4,2
GOLD M.O.P ORBIT BRACELET,2
PINK/WHITE RIBBED MELAMINE JUG,2
BAROQUE BUTTERFLY EARRINGS BLACK,2
ST GEORGE SET OF 10 PARTY LIGHTS,2
GOLD COSMETIC BAG PINK STAR,2
WHITE ANEMONE ARTIFICIAL FLOWER,2
POLYESTER FILLER PAD 60x40cm,2
DANISH ROSE UMBRELLA STAND,2
GLASS CAKE COVER AND PLATE,2
BLUE SHARK HELICOPTER,2
"CAKESTAND, 3 TIER, LOVEHEART",2
PURPLE/TURQ FLOWERS HANDBAG,2
WHITE MURANO TWIST BRACELET,2
NEW ENGLAND MUG W GIFT BOX,2
IVORY SHELL HEART EARRINGS,2
GLASS BELL JAR LARGE,2
5 STRAND GLASS NECKLACE AMBER,2
MINT DINER CLOCK,2
"""""""PEARL & SHELL 42""""""""NECKL. IVORY""""""",2
GOLD M.O.P. ORBIT NECKLACE,2
3 BIRDS CANVAS SCREEN,2
OCEAN STRIPE HAMMOCK ,2
SILVER 2 STRAND NECKLACE-LEAF CHARM,2
PEARL AND CHERRY QUARTZ BRACLET,2
"WALL ART , THE MAGIC FOREST ",2
BLACK DIAMOND CLUSTER NECKLACE,2
GIANT MEDINA STAMPED METAL BOWL ,2
DIAMANTE NECKLACE BLACK ,2
M/COLOUR POM-POM CURTAIN,2
WHITE CHRISTMAS TREE 60CM,2
LIGHT DECORATION BATTERY OPERATED,2
NEW BAROQUE B'FLY NECKLACE GREEN,2
RUBY GLASS CLUSTER NECKLACE,2
ROCOCO WALL MIROR,2
ANTIQUE RASPBERRY FLOWER EARRINGS,2
60 GOLD AND SILVER FAIRY CAKE CASES,2
PURPLE/BLUE CERAMIC CANDLE HOLDER,2
SET OF 16 VINTAGE IVORY CUTLERY,2
BLUE GINGHAM ROSE CUSHION COVER,2
WHITE ROSEBUD & PEARL NECKLACE,2
S/3 PINK SQUARE PLANTERS ROSES,2
DROP EARRINGS W FLOWER & LEAF,2
DIAMANTE NECKLACE,2
GLASS BEAD HOOP NECKLACE MONTANA,2
PINK/WHITE GLASS DEMI CHOKER,2
NEW BAROQUE B'FLY NECKLACE CRYSTAL,2
VINTAGE BLUE TINSEL REEL,2
3 WICK CHRISTMAS BRIAR CANDLE ,2
GLASS BEAD HOOP NECKLACE BLACK,2
ANTIQUE OPAL WHITE FLOWER EARRINGS,2
NEW BAROQUE LARGE NECKLACE BLK/WHIT,2
 TOADSTOOL BEDSIDE LIGHT ,2
PINK BAROQUE FLOCK CANDLE HOLDER,2
5 STRAND GLASS NECKLACE AMETHYST,2
IVORY PANTRY HANGING LAMP ,2
CLASSIC DIAMANTE NECKLACE JET,2
BLACKCHRISTMAS TREE 30CM,1
PURPLE CHUNKY GLASS+BEAD NECKLACE,1
SET/6 IVORY BIRD T-LIGHT CANDLES,1
VINTAGE BEAD PINK JEWEL STAND,1
CRACKED GLAZE EARRINGS BROWN,1
SET OF 3 PINK FLYING DUCKS,1
PINK CRYSTAL GUITAR PHONE CHARM,1
SILVER AND BLACK ORBIT NECKLACE,1
NEW BAROQUE B'FLY NECKLACE PINK,1
JARDIN ETCHED GLASS BUTTER DISH,1
CAPIZ CHANDELIER,1
FLOWER SHOP DESIGN MUG,1
FIRE POLISHED GLASS BRACELET BLACK,1
BLACK DROP EARRINGS W LONG BEADS,1
HEN HOUSE W CHICK IN NEST,1
SET/3 TALL GLASS CANDLE HOLDER PINK,1
AMBER BERTIE GLASS BEAD BAG CHARM,1
POTTING SHED SOW 'N' GROW SET,1
BLUE LEAVES AND BEADS PHONE CHARM,1
BLUE/NAT SHELL NECKLACE W PENDANT,1
PACK 4 FLOWER/BUTTERFLY PATCHES,1
CROCHET LILAC/RED BEAR KEYRING,1
ORANGE FELT VASE + FLOWERS,1
BLACK FINE BEAD NECKLACE W TASSEL,1
FIRE POLISHED GLASS NECKL GOLD,1
SET/3 FLORAL GARDEN TOOLS IN BAG,1
NECKLACE+BRACELET SET PINK DAISY,1
CAKE STAND LACE WHITE,1
 I LOVE LONDON MINI RUCKSACK,1
LASER CUT MULTI STRAND NECKLACE,1
SET 12 COLOURING PENCILS DOILEY,1
BLUE PADDED SOFT MOBILE,1
FRYING PAN RED POLKADOT ,1
BLACK VINT ART DEC CRYSTAL BRACELET,1
WHITE ROSEBUD  PEARL EARRINGS,1
CRACKED GLAZE EARRINGS RED,1
PURPLE FRANGIPANI HAIRCLIP,1
BAROQUE BUTTERFLY EARRINGS CRYSTAL,1
MARIE ANTOIENETT TRINKET BOX GOLD,1
TEA TIME BREAKFAST BASKET,1
SET 36 COLOURING PENCILS DOILEY,1
PINK POLKADOT KIDS BAG,1
EASTER CRAFT IVY WREATH WITH CHICK,1
DOLPHIN WINDMILL,1
BLOSSOM IMAGES SCRAP BOOK SET,1
FUNKY MONKEY MUG,1
RUBY GLASS CLUSTER EARRINGS,1
BLUE/GREEN SHELL NECKLACE W PENDANT,1
MUMMY MOUSE RED GINGHAM RIBBON,1
JADE CRYSTAL+GLASS BRACELET,1
CHERRY BLOSSOM PURSE,1
CROCHET DOG KEYRING,1
DUSTY PINK CHRISTMAS TREE 30CM,1
SET 10 CARDS HANGING BAUBLES 17080,1
AMBER GLASS/SHELL/PEARL NECKLACE,1
BLUE NEW BAROQUE FLOCK CANDLESTICK,1
SCALLOP SHELL SOAP DISH,1
MIDNIGHT BLUE CRYSTAL DROP EARRINGS,1
WHITE STONE/CRYSTAL EARRINGS,1
